insert into edutrack.users (id, avatar, bio, birth_date, created_date, email, full_name, gender, is_active, is_locked, password, phone, reset_token)
values  (0x0764CB42DE04459E920FE3B7B085A339, null, null, '2025-07-14 17:35:53.828000', '2025-07-14 17:35:53.828000', 'qingtian@email.com', 'Qing Tian', 'female', true, false, '$2a$10$tCvHcbAIjsmpScw/dwg4C.Lid0J40GAnVJ3JiblOz2Kh92ZfrkQiq', '1234567890', null),
        (0x11111111111111111111111111111111, null, null, '1980-07-20 17:34:39.420000', '2025-07-14 17:36:39.410000', 'admin@edutrack.com', 'EduTrack Admin', 'male', true, false, '$2a$10$vLeYaQzY1x.5GtFloJadXuCSkmZEeJE6ShxhYt6U7uv7YkcCAWg/W', '1234567890', null),
        (0x197ED21E11924758B334601DA429D61B, null, null, '2025-07-14 17:35:21.688000', '2025-07-14 17:35:21.688000', 'etsuyuu@email.com', 'Etsu Yuu', 'male', true, false, '$2a$10$leB/L/4cpy1CCIq2cZn42ekQNfbS6aFZqK4T4QGqCJlScr2UuHrle', '1234567890', null),
        (0x22222222222222222222222222222222, null, null, '1980-07-20 17:34:39.420000', '2025-07-14 17:39:39.400000', 'manager@edutrack.com', 'EduTrack Manager', 'female', true, false, '$2a$10$vLeYaQzY1x.5GtFloJadXuCSkmZEeJE6ShxhYt6U7uv7YkcCAWg/W', '1234567890', null),
        (0x4A1F21607F0047309820E67B2B364869, null, null, '2025-07-14 17:45:33.375000', '2025-07-14 17:45:33.375000', 'nikobellic@email.com', 'Niko Bellic', 'male', true, false, '$2a$10$0fDRm1/xRW5wN9PnuPXQqefkrVAccvdYo2ALyQdyafett2QhbREJe', '1234567890', null),
        (0x561AA1CE70E44DC29490B30584803514, null, null, '2025-07-14 17:32:57.818000', '2025-07-14 17:32:57.818000', 'erinblack@email.com', 'Erin Black', 'female', true, false, '$2a$10$14pbmrFXck9wRrqASDAiR.1yAiFaWP8emJe.8nPzduSsRdPcGrfL2', '1234567890', null),
        (0x5C16354F84A245F1A160DECC6231A880, null, null, '2025-07-14 17:44:43.211000', '2025-07-14 17:44:43.211000', 'carljohnson@email.com', 'Carl Johnson', 'male', true, false, '$2a$10$mcEj2sIZrO7cIcIEcJERvO3Vlv0Dd6o9XZODRwx/4Qb22.6oTeKj.', '1234567890', null),
        (0x74D47CCFE0A44A20A15CA7F5B422DA6C, null, null, '2025-07-24 11:24:35.645000', '2025-07-24 11:24:35.645000', 'ducati@email.com', 'Fettuccine Ducati ', 'male', true, false, '$2a$10$lCv3Gs66h6R45OAzTjFW.OvGXKYgbqgq.BNYY8nKEDe4sIYvmh9de', '1234567890', null),
        (0x7AEDCAD1A95648038A208CF7AC77C9A3, null, null, '2025-07-24 00:08:54.831000', '2025-07-24 00:08:54.831000', 'buidungnd.2004@gmail.com', 'Viet Dung', 'male', true, false, '$2a$10$rPng0UGwKwj2UTlzttAGqudl19Gapc2Hiuv7SzE4w43YGWRCSvoPS', '1234567890', null),
        (0x87E5CA635F274E0CB943BD8B1BA607E2, null, null, '2025-07-24 03:15:33.660000', '2025-07-24 03:15:33.660000', 'buidungnd.2005@gmail.com', 'Dũng Bùi Việt', 'unknown', true, false, '', 'unknown', null),
        (0x96ED824E81404F1AAAEE3FB8B3E86086, null, null, '2025-07-24 00:13:58.559000', '2025-07-24 00:13:58.559000', 'lephuonglinhnga1801@gmail.com', 'Rin Na', 'male', true, false, '$2a$10$WwlyodQj2osG2uH9z07oAO3qWDORKbPc2HPdlnXzx5lMow7HnL.Xe', '1234567890', '2773721b-008e-4d68-9592-b0b6daaa2cef'),
        (0x9A515C5F51604DB99D85143BBEC53B45, null, null, '2025-07-14 17:30:47.130000', '2025-07-14 17:30:47.130000', 'gakusei@edutrack.com', 'EduTrack Gakusei', 'male', true, false, '$2a$10$80qy..Bs/ugQYxc7lw7IjO36UyPWA0eFUJa/qo1HBJFhTRVuR8q..', '1234567890', '5a1c6a58-c97a-4e53-830b-882d4d6e0ff1'),
        (0x9B61C9A42FA3437D8979B98266ED63A3, null, null, '2025-07-14 17:33:39.785000', '2025-07-14 17:33:39.785000', 'harrywilson@email.com', 'Harry Wilson', 'male', true, false, '$2a$10$VA/eVCjgrZSwrRxLti35We48.q1bFg03THYSN/O3eljNP87e0Y1pW', '1234567890', null),
        (0xCF3A549C5E05418C8A14D397417A92A6, null, null, '2025-07-14 17:43:30.425000', '2025-07-14 17:43:30.425000', 'tommyvercetti@email.com', 'Tommy Vercetti', 'male', true, false, '$2a$10$k9KY/g8eaAtGEyklqyiVYe1gNuCqmZCaze6FNTWsLKtUZHX7JdXsS', '1234567890', null),
        (0xD4845DC2495243A7A093DA6F2D47E540, null, null, '2025-07-14 17:30:15.334000', '2025-07-14 17:30:15.334000', 'sensei@edutrack.com', 'EduTrack Sensei', 'male', true, false, '$2a$10$i90HxQQSi/qIr.4FTkTDZu5Iodbs1F0pTA0CBGNT51PxXFZm36JkS', '1234567890', null),
        (0xF9FA00D0678F4CD885B4B5C5F47746AE, null, null, '2025-07-14 17:34:39.420000', '2025-07-14 17:34:39.420000', 'alicejohnson@email.com', 'Alice Johnson', 'female', true, false, '$2a$10$vLeYaQzY1x.5GtFloJadXuCSkmZEeJE6ShxhYt6U7uv7YkcCAWg/W', '1234567890', null),
        (0x32165E8911E94733A62ED5C2688D63B1, null, null, '1990-01-01 00:00:00', NOW(), 'newuser@example.com', 'New User', 'unknown', true, false, '$2a$10$examplehashedpassword...', '1234567890', null);

insert into edutrack.mentees (interests, total_sessions, user_id)
values  (' ', 0, 0x197ED21E11924758B334601DA429D61B),
        (' ', 0, 0x32165E8911E94733A62ED5C2688D63B1),
        (' ', 0, 0x4A1F21607F0047309820E67B2B364869),
        ('', 0, 0x7AEDCAD1A95648038A208CF7AC77C9A3),
        ('DevOps,Cloud Computing,Database', 0, 0x87E5CA635F274E0CB943BD8B1BA607E2),
        ('', 0, 0x96ED824E81404F1AAAEE3FB8B3E86086),
        (' ', 0, 0x9A515C5F51604DB99D85143BBEC53B45),
        (' ', 0, 0x9B61C9A42FA3437D8979B98266ED63A3);

insert into edutrack.mentors (expertise, is_available, rating, total_sessions, user_id)
values  ('', true, 0.0, 0, 0x0764CB42DE04459E920FE3B7B085A339),
        ('', true, 0.0, 0, 0x561AA1CE70E44DC29490B30584803514),
        ('', true, 0.0, 0, 0x5C16354F84A245F1A160DECC6231A880),
        ('', true, 0.0, 0, 0x74D47CCFE0A44A20A15CA7F5B422DA6C),
        ('', true, 0.0, 0, 0xCF3A549C5E05418C8A14D397417A92A6),
        ('', true, 4.5, 0, 0xD4845DC2495243A7A093DA6F2D47E540),
        ('', true, 0.0, 0, 0xF9FA00D0678F4CD885B4B5C5F47746AE);

insert into edutrack.staffs (role, user_id)
values  ('Admin', 0x11111111111111111111111111111111),
        ('Manager', 0x22222222222222222222222222222222);

insert into edutrack.wallets (user_id, balance, on_hold)
values  (0x0764CB42DE04459E920FE3B7B085A339, 650000, 0),
        (0x197ED21E11924758B334601DA429D61B, 0, 0),
        (0x32165E8911E94733A62ED5C2688D63B1, 0, 500000),
        (0x4A1F21607F0047309820E67B2B364869, 0, 0),
        (0x561AA1CE70E44DC29490B30584803514, 200000, 0),
        (0x5C16354F84A245F1A160DECC6231A880, 0, 0),
        (0x74D47CCFE0A44A20A15CA7F5B422DA6C, 0, 0),
        (0x7AEDCAD1A95648038A208CF7AC77C9A3, 0, 0),
        (0x96ED824E81404F1AAAEE3FB8B3E86086, 0, 0),
        (0x9A515C5F51604DB99D85143BBEC53B45, 2160005, 739995),
        (0x9B61C9A42FA3437D8979B98266ED63A3, 100000, 400000),
        (0xCF3A549C5E05418C8A14D397417A92A6, 0, 0),
        (0xD4845DC2495243A7A093DA6F2D47E540, 0, 0),
        (0xF9FA00D0678F4CD885B4B5C5F47746AE, 0, 0);

insert into edutrack.courses (id, created_date, description, is_open, name)
values  (0x0B270076E1CB4811B6E3611AB290C2BC, '2025-07-14 17:54:14.630000', 'A gentle introduction to machine learning concepts including supervised learning, regression, and classification.', true, 'Machine Learning Basics'),
        (0x0E46EAA2B8B4450C9F69DB55D6C43C47, '2025-07-14 17:51:28.261000', 'Explore common data structures and algorithms with a focus on problem solving and coding interviews.', true, 'Data Structures and Algorithms'),
        (0x2038B4DCE5F44C18B009796455C4A29E, '2025-07-14 17:55:05.752000', 'Understand the basics of securing systems and data, covering topics like encryption, firewalls, and ethical hacking.', true, 'Cybersecurity Essentials'),
        (0xA7EF403855554375B2DB48D3224D3C36, '2025-07-14 17:53:24.903000', 'Covers relational database concepts, normalization, SQL queries, and JDBC integration with Java.', true, 'Database Systems'),
        (0xB6B242783CC84E2D94FEF0FF242A42FC, '2025-07-14 17:52:50.146000', 'An introductory course to AWS services including EC2, S3, Lambda, and IAM roles.', true, 'Cloud Computing with AWS'),
        (0xBA698554F3E2416282B95DC61C58F38B, '2025-07-14 17:49:52.153000', 'A hands-on course teaching modern frontend development using React, JSX, hooks, and component-based architecture.', true, 'Web Development with React'),
        (0xD6A06BF8181E4288A49C37E7D09465B6, '2025-07-20 17:16:37.207000', 'A comprehensive introduction to Linux, this course covers core concepts of the Linux operating system, command-line navigation, essential utilities, user management, basic networking, file permissions, and scripting skills.', true, 'Linux Fundamentals'),
        (0xD6E0FCCA52424DC086F8AC2067183BA1, '2025-07-14 17:52:16.413000', 'Learn CI/CD, containerization with Docker, orchestration with Kubernetes, and infrastructure as code.', true, 'DevOps Fundamentals'),
        (0xF8E8F77C30D0472C8DD69B8B68BC8C29, '2025-07-14 17:48:57.855000', 'This course covers the basics of Java programming including syntax, OOP principles, and standard libraries.', true, 'Introduction to Java');

insert into edutrack.tags (id, description, title)
values  (1, null, 'Java'),
        (2, null, 'OOP'),
        (3, null, 'Java Core'),
        (4, null, 'React'),
        (5, null, 'JavaScript'),
        (6, null, 'Front-End'),
        (7, null, 'Web'),
        (8, null, 'Data Structures'),
        (9, null, 'Algorithms'),
        (10, null, 'Coding Interviews'),
        (11, null, 'CI/CD'),
        (12, null, 'DevOps'),
        (13, null, 'Docker'),
        (14, null, 'Kubernetes'),
        (15, null, 'AWS'),
        (16, null, 'Cloud Computing'),
        (17, null, 'SQL'),
        (18, null, 'Database'),
        (19, null, 'Machine Learning'),
        (20, null, 'Artificial Intelligence'),
        (21, null, 'Cybersecurity'),
        (22, null, 'Cloud'),
        (23, null, 'Linux'),
        (24, null, 'Shell'),
        (25, null, 'File System'),
        (26, null, 'SysAdmin'),
        (27, null, 'Bash');

insert into edutrack.course_tags (course_id, tag_id)
values  (0xA7EF403855554375B2DB48D3224D3C36, 1),
        (0xF8E8F77C30D0472C8DD69B8B68BC8C29, 1),
        (0xF8E8F77C30D0472C8DD69B8B68BC8C29, 2),
        (0xF8E8F77C30D0472C8DD69B8B68BC8C29, 3),
        (0xBA698554F3E2416282B95DC61C58F38B, 4),
        (0xBA698554F3E2416282B95DC61C58F38B, 5),
        (0xBA698554F3E2416282B95DC61C58F38B, 6),
        (0xBA698554F3E2416282B95DC61C58F38B, 7),
        (0x0E46EAA2B8B4450C9F69DB55D6C43C47, 8),
        (0x0E46EAA2B8B4450C9F69DB55D6C43C47, 9),
        (0x0E46EAA2B8B4450C9F69DB55D6C43C47, 10),
        (0xD6E0FCCA52424DC086F8AC2067183BA1, 11),
        (0xB6B242783CC84E2D94FEF0FF242A42FC, 12),
        (0xD6E0FCCA52424DC086F8AC2067183BA1, 12),
        (0xD6E0FCCA52424DC086F8AC2067183BA1, 13),
        (0xD6E0FCCA52424DC086F8AC2067183BA1, 14),
        (0xB6B242783CC84E2D94FEF0FF242A42FC, 15),
        (0xB6B242783CC84E2D94FEF0FF242A42FC, 16),
        (0xA7EF403855554375B2DB48D3224D3C36, 17),
        (0xA7EF403855554375B2DB48D3224D3C36, 18),
        (0x0B270076E1CB4811B6E3611AB290C2BC, 19),
        (0x0B270076E1CB4811B6E3611AB290C2BC, 20),
        (0x2038B4DCE5F44C18B009796455C4A29E, 21),
        (0x2038B4DCE5F44C18B009796455C4A29E, 22),
        (0xB6B242783CC84E2D94FEF0FF242A42FC, 22),
        (0xD6E0FCCA52424DC086F8AC2067183BA1, 22),
        (0xD6A06BF8181E4288A49C37E7D09465B6, 23),
        (0xD6A06BF8181E4288A49C37E7D09465B6, 24),
        (0xD6A06BF8181E4288A49C37E7D09465B6, 25),
        (0xD6A06BF8181E4288A49C37E7D09465B6, 26),
        (0xD6A06BF8181E4288A49C37E7D09465B6, 27);

insert into edutrack.bookmarks (id, created_date, course_id, user_id)
values  (1, '2025-07-20 15:32:29.393000', 0x0B270076E1CB4811B6E3611AB290C2BC, 0x9A515C5F51604DB99D85143BBEC53B45),
        (2, '2025-07-20 15:32:39.395000', 0xB6B242783CC84E2D94FEF0FF242A42FC, 0x9A515C5F51604DB99D85143BBEC53B45),
        (3, '2025-07-20 16:00:59.811000', 0xA7EF403855554375B2DB48D3224D3C36, 0x9B61C9A42FA3437D8979B98266ED63A3),
        (4, '2025-07-20 16:01:03.653000', 0x2038B4DCE5F44C18B009796455C4A29E, 0x9B61C9A42FA3437D8979B98266ED63A3),
        (5, '2025-07-20 17:03:51.411000', 0x2038B4DCE5F44C18B009796455C4A29E, 0x32165E8911E94733A62ED5C2688D63B1),
        (6, '2025-07-20 17:03:58.055000', 0xB6B242783CC84E2D94FEF0FF242A42FC, 0x32165E8911E94733A62ED5C2688D63B1);

insert into edutrack.cv (user_id, certifications, created_date, education, experience, experience_years, languages, portfolio_url, skills, status, summary)
values  (0x0764CB42DE04459E920FE3B7B085A339, 'Google Machine Learning Crash Course

', '2025-07-20 14:54:03.514000', 'MSc in Data Science, AI Institute, 2022

', '1 year as a data analyst, building logistic regression and decision tree models using Python’s scikit-learn. Strong coding habits and analytical background.', 1, 'English, Chinese', 'https://devopsportfolio.ai/', 'Python;scikit-learn;pandas;NumPy;Supervised Learning; Regression;Classification;Data Structures;Algorithms', 'approved', 'Data enthusiast actively working with ML libraries while also improving computational thinking and problem-solving. Looking to refine ML theory and build reusable modeling practices.'),
        (0x561AA1CE70E44DC29490B30584803514, 'Meta Front-End Developer Professional Certificate

', '2025-07-20 14:48:21.788000', 'BSc in Information Technology, Digital Academy, 2021

', '3 years as a frontend developer at a SaaS firm, building SPAs using React, Redux, and Material UI. Used hooks heavily and implemented full responsive design workflows.', 3, 'English, French', 'https://www.behance.net/webportfolio', 'React;JavaScript;Front-End;Web Development;HTML;CSS;Redux; Responsive Design

', 'approved', 'Experienced frontend developer with a focus on component-based architecture. Seeking to improve advanced React knowledge, particularly in state management, performance, and testing best practices.'),
        (0x5C16354F84A245F1A160DECC6231A880, 'CompTIA Security+
Certified Ethical Hacker (CEH)', '2025-07-20 14:59:11.529000', 'BSc in Network Security, CyberTech Institute, 2020

', '3 years as a cybersecurity analyst focusing on vulnerability assessments, role-based access control in cloud environments, firewall configurations, and incident response procedures.', 3, 'English', 'https://www.behance.net/securityportfolio', 'Cybersecurity;Ethical Hacking;Firewalls;Encryption;AWS IAM;Cloud Security;SOC monitoring;Threat Modeling', 'approved', 'Cybersecurity specialist interested in deepening expertise in cloud infrastructure security. Focused on enhancing proactive defense strategies through encryption methods, cloud policy enforcement, and threat detection.'),
        (0x74D47CCFE0A44A20A15CA7F5B422DA6C, 'Machine Learning Basics', '2025-07-24 11:26:46.456000', 'Bachelor of Science in Computer Science;[Your University Name];[City, Country];Introduction to Machine Learning;Data Structures and Algorithms;Statistics and Probability;Python Programming', 'Currently gaining practical experience through coursework and personal projects;Looking forward to internships and collaborative research opportunities in machine learning and data science', 0, 'English;German', 'https://learningai.com', 'Python;R;scikit-learn;NumPy;pandas;Matplotlib;Jupyter Notebook;Google Colab;Git/GitHub;Supervised learning;Linear Regression;Classification algorithms', 'approved', 'Aspiring machine learning enthusiast with a foundational understanding of supervised learning, regression, and classification through formal coursework. Motivated to build a strong career in data science and artificial intelligence. Eager to contribute to real-world projects, grow technical skills, and collaborate in team-based environments.'),
        (0xCF3A549C5E05418C8A14D397417A92A6, 'None', '2025-07-20 17:19:06.647000', 'BSc in Information Technology, City College, 2024', 'Completed several university projects requiring command-line file handling and scripting on Windows/Mac. Assisted in managing a student website, occasionally using a Linux server for file uploads and troubleshooting.', 1, 'English, Vietnamese

', 'https://github.com/tech-starter', 'Basic command-line navigation

File management & text editing

Problem-solving

Familiarity with basic networking concepts

Python (introductory level)

Eagerness to learn operating systems', 'approved', 'Recent IT graduate seeking to establish a strong foundation in Linux system operations, command-line usage, and scripting. Motivated to pursue a career in system administration and cyber operations, starting with core Linux fundamentals.'),
        (0xD4845DC2495243A7A093DA6F2D47E540, 'Oracle Certified Java Programmer (OCJP)

', '2025-07-20 14:46:19.025000', 'BSc in Computer Science, University of Technology, 2020', '2 years as a backend Java developer at a fintech startup, specializing in data persistence using MySQL and PostgreSQL. Managed JDBC integration and complex relational schemas.', 2, 'English, Japanese

', 'https://github.com/juan-java-dev', 'Java;OOP;Java Core;SQL;Relational Databases;JDBC;Git', 'approved', 'Passionate Java developer with strong interest in backend systems and databases. Looking to reinforce my core Java knowledge and deepen practical SQL capabilities for enterprise-grade solutions.'),
        (0xF9FA00D0678F4CD885B4B5C5F47746AE, 'AWS Certified Solutions Architect – Associate
Docker Certified Associate', '2025-07-20 14:56:48.689000', 'BTS in Systems Administration and Cloud Computing, DevOps School, 2019

', '4 years as a DevOps engineer building CI/CD pipelines using Jenkins, Docker, and GitHub Actions. Orchestrating services with Kubernetes and deploying microservices on AWS using EC2, IAM, and Lambda.', 4, 'English, German', 'https://devopsharry.dev', 'AWS;EC2;Lambda;Docker;Kubernetes;DevOps;CI/CD;Terraform;GitHub Actions;Infrastructure as Code', 'approved', 'DevOps professional with deep exposure to both system infrastructure and cloud-native deployments. Eager to refine AWS workflows and leverage modular infrastructure management using Kubernetes and Terraform.');

insert into edutrack.cv_courses (added_date, course_id, cv_id)
values  ('2025-07-20 14:54:03.527000', 0x0B270076E1CB4811B6E3611AB290C2BC, 0x0764CB42DE04459E920FE3B7B085A339),
        ('2025-07-24 11:26:46.516000', 0x0B270076E1CB4811B6E3611AB290C2BC, 0x74D47CCFE0A44A20A15CA7F5B422DA6C),
        ('2025-07-20 14:54:03.536000', 0x0E46EAA2B8B4450C9F69DB55D6C43C47, 0x0764CB42DE04459E920FE3B7B085A339),
        ('2025-07-20 14:59:11.544000', 0x2038B4DCE5F44C18B009796455C4A29E, 0x5C16354F84A245F1A160DECC6231A880),
        ('2025-07-20 14:46:19.063000', 0xA7EF403855554375B2DB48D3224D3C36, 0xD4845DC2495243A7A093DA6F2D47E540),
        ('2025-07-20 14:59:11.554000', 0xB6B242783CC84E2D94FEF0FF242A42FC, 0x5C16354F84A245F1A160DECC6231A880),
        ('2025-07-20 14:56:48.702000', 0xB6B242783CC84E2D94FEF0FF242A42FC, 0xF9FA00D0678F4CD885B4B5C5F47746AE),
        ('2025-07-20 14:48:21.801000', 0xBA698554F3E2416282B95DC61C58F38B, 0x561AA1CE70E44DC29490B30584803514),
        ('2025-07-20 17:19:06.669000', 0xD6A06BF8181E4288A49C37E7D09465B6, 0xCF3A549C5E05418C8A14D397417A92A6),
        ('2025-07-20 14:56:48.711000', 0xD6E0FCCA52424DC086F8AC2067183BA1, 0xF9FA00D0678F4CD885B4B5C5F47746AE),
        ('2025-07-20 14:46:19.048000', 0xF8E8F77C30D0472C8DD69B8B68BC8C29, 0xD4845DC2495243A7A093DA6F2D47E540);

insert into edutrack.course_mentor (id, applied_date, description, price, status, syllabus, course_id, mentor_user_id)
values  (0x1701ADABD740461C8A5BD4076B21E97C, '2025-07-24 11:26:30.301955', 'A gentle introduction to machine learning concepts including supervised learning, regression, and classification.', 0, 'ACCEPTED', null, 0x0B270076E1CB4811B6E3611AB290C2BC, 0x74D47CCFE0A44A20A15CA7F5B422DA6C),
        (0x3A3B0E406E68415295D55EFC4002923C, '2025-07-20 14:46:02.769987', 'This course covers the basics of Java programming including syntax, OOP principles, and standard libraries.', 50000, 'ACCEPTED', null, 0xF8E8F77C30D0472C8DD69B8B68BC8C29, 0xD4845DC2495243A7A093DA6F2D47E540),
        (0x3D68C5C79B3F491CBDB830572066FE07, '2025-07-20 14:53:57.829104', 'Explore common data structures and algorithms with a focus on problem solving and coding interviews.', 50000, 'ACCEPTED', null, 0x0E46EAA2B8B4450C9F69DB55D6C43C47, 0x0764CB42DE04459E920FE3B7B085A339),
        (0x5309093982E340B09E38BEFF9B291385, '2025-07-20 14:46:11.974938', 'Covers relational database concepts, normalization, SQL queries, and JDBC integration with Java.', 50000, 'ACCEPTED', null, 0xA7EF403855554375B2DB48D3224D3C36, 0xD4845DC2495243A7A093DA6F2D47E540),
        (0x53748A4227684101A7A6D38E4234DFA1, '2025-07-20 17:18:58.569149', 'A comprehensive introduction to Linux, this course covers core concepts of the Linux operating system, command-line navigation, essential utilities, user management, basic networking, file permissions, and scripting skills.', 100000, 'ACCEPTED', null, 0xD6A06BF8181E4288A49C37E7D09465B6, 0xCF3A549C5E05418C8A14D397417A92A6),
        (0x81478DA9A89C4A1685533EE274DC3740, '2025-07-20 14:48:18.053491', 'A hands-on course teaching modern frontend development using React, JSX, hooks, and component-based architecture.', 50000, 'ACCEPTED', null, 0xBA698554F3E2416282B95DC61C58F38B, 0x561AA1CE70E44DC29490B30584803514),
        (0x871C79AE6EB041AC88E721F5631EEC16, '2025-07-20 14:53:54.509011', 'A gentle introduction to machine learning concepts including supervised learning, regression, and classification.', 50000, 'ACCEPTED', null, 0x0B270076E1CB4811B6E3611AB290C2BC, 0x0764CB42DE04459E920FE3B7B085A339),
        (0x90C14FAAD9904DF6B0A613E0A7D549F2, '2025-07-20 14:59:05.048653', 'An introductory course to AWS services including EC2, S3, Lambda, and IAM roles.', 50000, 'ACCEPTED', null, 0xB6B242783CC84E2D94FEF0FF242A42FC, 0x5C16354F84A245F1A160DECC6231A880),
        (0xAA8239CF833346EE97BE0F8B3E68E90A, '2025-07-20 14:56:38.650802', 'An introductory course to AWS services including EC2, S3, Lambda, and IAM roles.', 50000, 'ACCEPTED', null, 0xB6B242783CC84E2D94FEF0FF242A42FC, 0xF9FA00D0678F4CD885B4B5C5F47746AE),
        (0xC2FF80ADBA134D50BC1F58DBA3E41B8D, '2025-07-20 14:58:59.490671', 'Understand the basics of securing systems and data, covering topics like encryption, firewalls, and ethical hacking.', 50000, 'ACCEPTED', null, 0x2038B4DCE5F44C18B009796455C4A29E, 0x5C16354F84A245F1A160DECC6231A880),
        (0xFF0801F3BB1F45628AD4197960FD9B72, '2025-07-20 14:56:41.297783', 'Learn CI/CD, containerization with Docker, orchestration with Kubernetes, and infrastructure as code.', 50000, 'ACCEPTED', null, 0xD6E0FCCA52424DC086F8AC2067183BA1, 0xF9FA00D0678F4CD885B4B5C5F47746AE);

insert into edutrack.mentor_available_time (day, end_date, slot, start_date, created_date, reason, status, mentor_id)
values  ('FRIDAY', '2025-07-31', 'SLOT_3', '2025-07-01', '2025-07-20 16:24:12.391000', null, 'APPROVED', 0x0764CB42DE04459E920FE3B7B085A339),
        ('FRIDAY', '2025-08-31', 'SLOT_2', '2025-08-01', '2025-07-20 15:06:38.689000', null, 'APPROVED', 0x0764CB42DE04459E920FE3B7B085A339),
        ('FRIDAY', '2025-08-31', 'SLOT_1', '2025-08-01', '2025-07-20 15:07:15.699000', null, 'APPROVED', 0x561AA1CE70E44DC29490B30584803514),
        ('FRIDAY', '2025-08-31', 'SLOT_2', '2025-08-01', '2025-07-20 15:08:41.927000', null, 'APPROVED', 0x5C16354F84A245F1A160DECC6231A880),
        ('FRIDAY', '2025-08-31', 'SLOT_3', '2025-08-01', '2025-07-20 15:08:41.927000', null, 'APPROVED', 0x5C16354F84A245F1A160DECC6231A880),
        ('FRIDAY', '2025-08-31', 'SLOT_4', '2025-08-01', '2025-07-20 15:08:41.927000', null, 'APPROVED', 0x5C16354F84A245F1A160DECC6231A880),
        ('FRIDAY', '2025-08-31', 'SLOT_2', '2025-08-01', '2025-07-20 17:22:30.501000', null, 'APPROVED', 0xCF3A549C5E05418C8A14D397417A92A6),
        ('FRIDAY', '2025-08-31', 'SLOT_2', '2025-08-01', '2025-07-20 15:09:54.105000', null, 'APPROVED', 0xD4845DC2495243A7A093DA6F2D47E540),
        ('FRIDAY', '2025-08-31', 'SLOT_3', '2025-08-01', '2025-07-20 15:09:54.105000', null, 'APPROVED', 0xD4845DC2495243A7A093DA6F2D47E540),
        ('FRIDAY', '2025-08-31', 'SLOT_2', '2025-08-01', '2025-07-20 15:13:03.865000', null, 'APPROVED', 0xF9FA00D0678F4CD885B4B5C5F47746AE),
        ('FRIDAY', '2025-08-31', 'SLOT_3', '2025-08-01', '2025-07-20 15:13:03.865000', null, 'APPROVED', 0xF9FA00D0678F4CD885B4B5C5F47746AE),
        ('FRIDAY', '2025-08-31', 'SLOT_5', '2025-08-01', '2025-07-20 15:13:03.865000', null, 'APPROVED', 0xF9FA00D0678F4CD885B4B5C5F47746AE),
        ('FRIDAY', '2025-09-30', 'SLOT_1', '2025-09-01', '2025-07-20 15:11:17.649000', null, 'APPROVED', 0xD4845DC2495243A7A093DA6F2D47E540),
        ('FRIDAY', '2025-09-30', 'SLOT_2', '2025-09-01', '2025-07-20 15:11:17.649000', null, 'APPROVED', 0xD4845DC2495243A7A093DA6F2D47E540),
        ('FRIDAY', '2025-09-30', 'SLOT_3', '2025-09-01', '2025-07-20 15:11:17.649000', null, 'APPROVED', 0xD4845DC2495243A7A093DA6F2D47E540),
        ('FRIDAY', '2025-09-30', 'SLOT_4', '2025-09-01', '2025-07-20 15:11:17.649000', null, 'APPROVED', 0xD4845DC2495243A7A093DA6F2D47E540),
        ('FRIDAY', '2025-09-30', 'SLOT_5', '2025-09-01', '2025-07-20 15:11:17.649000', null, 'APPROVED', 0xD4845DC2495243A7A093DA6F2D47E540),
        ('MONDAY', '2025-07-31', 'SLOT_1', '2025-07-01', '2025-07-20 16:24:12.391000', null, 'APPROVED', 0x0764CB42DE04459E920FE3B7B085A339),
        ('MONDAY', '2025-07-31', 'SLOT_1', '2025-07-01', '2025-07-20 17:22:20.550000', null, 'APPROVED', 0xCF3A549C5E05418C8A14D397417A92A6),
        ('MONDAY', '2025-07-31', 'SLOT_2', '2025-07-01', '2025-07-20 17:22:20.550000', null, 'APPROVED', 0xCF3A549C5E05418C8A14D397417A92A6),
        ('MONDAY', '2025-08-31', 'SLOT_1', '2025-08-01', '2025-07-20 15:06:38.689000', null, 'APPROVED', 0x0764CB42DE04459E920FE3B7B085A339),
        ('MONDAY', '2025-08-31', 'SLOT_2', '2025-08-01', '2025-07-20 15:06:38.689000', null, 'APPROVED', 0x0764CB42DE04459E920FE3B7B085A339),
        ('MONDAY', '2025-08-31', 'SLOT_1', '2025-08-01', '2025-07-20 15:07:15.699000', null, 'APPROVED', 0x561AA1CE70E44DC29490B30584803514),
        ('MONDAY', '2025-08-31', 'SLOT_2', '2025-08-01', '2025-07-20 15:08:41.927000', null, 'APPROVED', 0x5C16354F84A245F1A160DECC6231A880),
        ('MONDAY', '2025-08-31', 'SLOT_3', '2025-08-01', '2025-07-20 15:08:41.927000', null, 'APPROVED', 0x5C16354F84A245F1A160DECC6231A880),
        ('MONDAY', '2025-08-31', 'SLOT_1', '2025-08-01', '2025-07-20 15:09:54.105000', null, 'APPROVED', 0xD4845DC2495243A7A093DA6F2D47E540),
        ('MONDAY', '2025-08-31', 'SLOT_2', '2025-08-01', '2025-07-20 15:09:54.105000', null, 'APPROVED', 0xD4845DC2495243A7A093DA6F2D47E540),
        ('MONDAY', '2025-08-31', 'SLOT_3', '2025-08-01', '2025-07-20 15:09:54.105000', null, 'APPROVED', 0xD4845DC2495243A7A093DA6F2D47E540),
        ('MONDAY', '2025-09-30', 'SLOT_3', '2025-09-01', '2025-07-20 15:11:17.649000', null, 'APPROVED', 0xD4845DC2495243A7A093DA6F2D47E540),
        ('SATURDAY', '2025-07-31', 'SLOT_2', '2025-07-01', '2025-07-20 16:24:12.391000', null, 'APPROVED', 0x0764CB42DE04459E920FE3B7B085A339),
        ('SATURDAY', '2025-08-31', 'SLOT_2', '2025-08-01', '2025-07-20 15:06:38.689000', null, 'APPROVED', 0x0764CB42DE04459E920FE3B7B085A339),
        ('SATURDAY', '2025-08-31', 'SLOT_3', '2025-08-01', '2025-07-20 15:06:38.689000', null, 'APPROVED', 0x0764CB42DE04459E920FE3B7B085A339),
        ('SATURDAY', '2025-08-31', 'SLOT_4', '2025-08-01', '2025-07-20 15:06:38.689000', null, 'APPROVED', 0x0764CB42DE04459E920FE3B7B085A339),
        ('SATURDAY', '2025-08-31', 'SLOT_1', '2025-08-01', '2025-07-20 15:08:41.927000', null, 'APPROVED', 0x5C16354F84A245F1A160DECC6231A880),
        ('SATURDAY', '2025-08-31', 'SLOT_3', '2025-08-01', '2025-07-20 15:08:41.927000', null, 'APPROVED', 0x5C16354F84A245F1A160DECC6231A880),
        ('SATURDAY', '2025-08-31', 'SLOT_1', '2025-08-01', '2025-07-20 15:09:54.105000', null, 'APPROVED', 0xD4845DC2495243A7A093DA6F2D47E540),
        ('SATURDAY', '2025-08-31', 'SLOT_2', '2025-08-01', '2025-07-20 15:09:54.105000', null, 'APPROVED', 0xD4845DC2495243A7A093DA6F2D47E540),
        ('SATURDAY', '2025-08-31', 'SLOT_4', '2025-08-01', '2025-07-20 15:13:03.865000', null, 'APPROVED', 0xF9FA00D0678F4CD885B4B5C5F47746AE),
        ('SATURDAY', '2025-09-30', 'SLOT_2', '2025-09-01', '2025-07-20 15:11:17.649000', null, 'APPROVED', 0xD4845DC2495243A7A093DA6F2D47E540),
        ('SATURDAY', '2025-09-30', 'SLOT_3', '2025-09-01', '2025-07-20 15:11:17.649000', null, 'APPROVED', 0xD4845DC2495243A7A093DA6F2D47E540),
        ('SUNDAY', '2025-07-31', 'SLOT_1', '2025-07-01', '2025-07-20 16:24:12.391000', null, 'APPROVED', 0x0764CB42DE04459E920FE3B7B085A339),
        ('SUNDAY', '2025-08-31', 'SLOT_1', '2025-08-01', '2025-07-20 15:06:38.689000', null, 'APPROVED', 0x0764CB42DE04459E920FE3B7B085A339),
        ('SUNDAY', '2025-08-31', 'SLOT_2', '2025-08-01', '2025-07-20 15:08:41.927000', null, 'APPROVED', 0x5C16354F84A245F1A160DECC6231A880),
        ('SUNDAY', '2025-08-31', 'SLOT_3', '2025-08-01', '2025-07-20 15:08:41.927000', null, 'APPROVED', 0x5C16354F84A245F1A160DECC6231A880),
        ('SUNDAY', '2025-08-31', 'SLOT_4', '2025-08-01', '2025-07-20 15:08:41.927000', null, 'APPROVED', 0x5C16354F84A245F1A160DECC6231A880),
        ('SUNDAY', '2025-08-31', 'SLOT_2', '2025-08-01', '2025-07-20 15:09:54.105000', null, 'APPROVED', 0xD4845DC2495243A7A093DA6F2D47E540),
        ('SUNDAY', '2025-08-31', 'SLOT_3', '2025-08-01', '2025-07-20 15:09:54.105000', null, 'APPROVED', 0xD4845DC2495243A7A093DA6F2D47E540),
        ('SUNDAY', '2025-09-30', 'SLOT_4', '2025-09-01', '2025-07-20 15:11:17.649000', null, 'APPROVED', 0xD4845DC2495243A7A093DA6F2D47E540),
        ('THURSDAY', '2025-07-31', 'SLOT_1', '2025-07-01', '2025-07-20 16:24:12.391000', null, 'APPROVED', 0x0764CB42DE04459E920FE3B7B085A339),
        ('THURSDAY', '2025-07-31', 'SLOT_4', '2025-07-01', '2025-07-20 16:24:12.391000', null, 'APPROVED', 0x0764CB42DE04459E920FE3B7B085A339),
        ('THURSDAY', '2025-08-31', 'SLOT_2', '2025-08-01', '2025-07-20 15:07:15.699000', null, 'APPROVED', 0x561AA1CE70E44DC29490B30584803514),
        ('THURSDAY', '2025-08-31', 'SLOT_2', '2025-08-01', '2025-07-20 17:22:30.501000', null, 'APPROVED', 0xCF3A549C5E05418C8A14D397417A92A6),
        ('THURSDAY', '2025-08-31', 'SLOT_3', '2025-08-01', '2025-07-20 17:22:30.501000', null, 'APPROVED', 0xCF3A549C5E05418C8A14D397417A92A6),
        ('THURSDAY', '2025-08-31', 'SLOT_5', '2025-08-01', '2025-07-20 15:13:03.865000', null, 'APPROVED', 0xF9FA00D0678F4CD885B4B5C5F47746AE),
        ('THURSDAY', '2025-09-30', 'SLOT_2', '2025-09-01', '2025-07-20 15:11:17.649000', null, 'APPROVED', 0xD4845DC2495243A7A093DA6F2D47E540),
        ('THURSDAY', '2025-09-30', 'SLOT_3', '2025-09-01', '2025-07-20 15:11:17.649000', null, 'APPROVED', 0xD4845DC2495243A7A093DA6F2D47E540),
        ('TUESDAY', '2025-07-31', 'SLOT_2', '2025-07-01', '2025-07-20 16:24:12.391000', null, 'APPROVED', 0x0764CB42DE04459E920FE3B7B085A339),
        ('TUESDAY', '2025-08-31', 'SLOT_3', '2025-08-01', '2025-07-20 15:06:38.689000', null, 'APPROVED', 0x0764CB42DE04459E920FE3B7B085A339),
        ('TUESDAY', '2025-08-31', 'SLOT_2', '2025-08-01', '2025-07-20 15:07:15.699000', null, 'APPROVED', 0x561AA1CE70E44DC29490B30584803514),
        ('TUESDAY', '2025-08-31', 'SLOT_1', '2025-08-01', '2025-07-20 15:08:41.927000', null, 'APPROVED', 0x5C16354F84A245F1A160DECC6231A880),
        ('TUESDAY', '2025-08-31', 'SLOT_4', '2025-08-01', '2025-07-20 15:08:41.927000', null, 'APPROVED', 0x5C16354F84A245F1A160DECC6231A880),
        ('TUESDAY', '2025-08-31', 'SLOT_2', '2025-08-01', '2025-07-20 15:09:54.105000', null, 'APPROVED', 0xD4845DC2495243A7A093DA6F2D47E540),
        ('TUESDAY', '2025-08-31', 'SLOT_4', '2025-08-01', '2025-07-20 15:13:03.865000', null, 'APPROVED', 0xF9FA00D0678F4CD885B4B5C5F47746AE),
        ('TUESDAY', '2025-09-30', 'SLOT_2', '2025-09-01', '2025-07-20 15:11:17.649000', null, 'APPROVED', 0xD4845DC2495243A7A093DA6F2D47E540),
        ('TUESDAY', '2025-09-30', 'SLOT_3', '2025-09-01', '2025-07-20 15:11:17.649000', null, 'APPROVED', 0xD4845DC2495243A7A093DA6F2D47E540),
        ('TUESDAY', '2025-09-30', 'SLOT_4', '2025-09-01', '2025-07-20 15:11:17.649000', null, 'APPROVED', 0xD4845DC2495243A7A093DA6F2D47E540),
        ('TUESDAY', '2025-09-30', 'SLOT_5', '2025-09-01', '2025-07-20 15:11:17.649000', null, 'APPROVED', 0xD4845DC2495243A7A093DA6F2D47E540),
        ('WEDNESDAY', '2025-07-31', 'SLOT_3', '2025-07-01', '2025-07-20 16:24:12.391000', null, 'APPROVED', 0x0764CB42DE04459E920FE3B7B085A339),
        ('WEDNESDAY', '2025-08-31', 'SLOT_3', '2025-08-01', '2025-07-20 15:06:38.689000', null, 'APPROVED', 0x0764CB42DE04459E920FE3B7B085A339),
        ('WEDNESDAY', '2025-08-31', 'SLOT_3', '2025-08-01', '2025-07-20 15:07:15.699000', null, 'APPROVED', 0x561AA1CE70E44DC29490B30584803514),
        ('WEDNESDAY', '2025-08-31', 'SLOT_4', '2025-08-01', '2025-07-20 15:07:15.699000', null, 'APPROVED', 0x561AA1CE70E44DC29490B30584803514),
        ('WEDNESDAY', '2025-08-31', 'SLOT_1', '2025-08-01', '2025-07-20 15:08:41.927000', null, 'APPROVED', 0x5C16354F84A245F1A160DECC6231A880),
        ('WEDNESDAY', '2025-08-31', 'SLOT_4', '2025-08-01', '2025-07-20 15:08:41.927000', null, 'APPROVED', 0x5C16354F84A245F1A160DECC6231A880),
        ('WEDNESDAY', '2025-08-31', 'SLOT_2', '2025-08-01', '2025-07-20 17:22:30.501000', null, 'APPROVED', 0xCF3A549C5E05418C8A14D397417A92A6),
        ('WEDNESDAY', '2025-08-31', 'SLOT_1', '2025-08-01', '2025-07-20 15:09:54.105000', null, 'APPROVED', 0xD4845DC2495243A7A093DA6F2D47E540),
        ('WEDNESDAY', '2025-08-31', 'SLOT_2', '2025-08-01', '2025-07-20 15:09:54.105000', null, 'APPROVED', 0xD4845DC2495243A7A093DA6F2D47E540),
        ('WEDNESDAY', '2025-08-31', 'SLOT_3', '2025-08-01', '2025-07-20 15:09:54.105000', null, 'APPROVED', 0xD4845DC2495243A7A093DA6F2D47E540),
        ('WEDNESDAY', '2025-08-31', 'SLOT_2', '2025-08-01', '2025-07-20 15:13:03.865000', null, 'APPROVED', 0xF9FA00D0678F4CD885B4B5C5F47746AE),
        ('WEDNESDAY', '2025-08-31', 'SLOT_3', '2025-08-01', '2025-07-20 15:13:03.865000', null, 'APPROVED', 0xF9FA00D0678F4CD885B4B5C5F47746AE),
        ('WEDNESDAY', '2025-08-31', 'SLOT_5', '2025-08-01', '2025-07-20 15:13:03.865000', null, 'APPROVED', 0xF9FA00D0678F4CD885B4B5C5F47746AE),
        ('WEDNESDAY', '2025-09-30', 'SLOT_1', '2025-09-01', '2025-07-20 15:11:17.649000', null, 'APPROVED', 0xD4845DC2495243A7A093DA6F2D47E540),
        ('WEDNESDAY', '2025-09-30', 'SLOT_4', '2025-09-01', '2025-07-20 15:11:17.649000', null, 'APPROVED', 0xD4845DC2495243A7A093DA6F2D47E540);

insert into edutrack.mentor_available_time_details (id, date, slot, mentee_id, mentor_id)
values  (1, '2025-09-01', 'SLOT_3', null, 0xD4845DC2495243A7A093DA6F2D47E540),
        (2, '2025-09-02', 'SLOT_2', null, 0xD4845DC2495243A7A093DA6F2D47E540),
        (3, '2025-09-02', 'SLOT_3', null, 0xD4845DC2495243A7A093DA6F2D47E540),
        (4, '2025-09-02', 'SLOT_4', null, 0xD4845DC2495243A7A093DA6F2D47E540),
        (5, '2025-09-02', 'SLOT_5', null, 0xD4845DC2495243A7A093DA6F2D47E540),
        (6, '2025-09-03', 'SLOT_1', null, 0xD4845DC2495243A7A093DA6F2D47E540),
        (7, '2025-09-03', 'SLOT_4', null, 0xD4845DC2495243A7A093DA6F2D47E540),
        (8, '2025-09-04', 'SLOT_2', null, 0xD4845DC2495243A7A093DA6F2D47E540),
        (9, '2025-09-04', 'SLOT_3', null, 0xD4845DC2495243A7A093DA6F2D47E540),
        (10, '2025-09-05', 'SLOT_1', null, 0xD4845DC2495243A7A093DA6F2D47E540),
        (11, '2025-09-05', 'SLOT_2', null, 0xD4845DC2495243A7A093DA6F2D47E540),
        (12, '2025-09-05', 'SLOT_3', null, 0xD4845DC2495243A7A093DA6F2D47E540),
        (13, '2025-09-05', 'SLOT_4', null, 0xD4845DC2495243A7A093DA6F2D47E540),
        (14, '2025-09-05', 'SLOT_5', null, 0xD4845DC2495243A7A093DA6F2D47E540),
        (15, '2025-09-06', 'SLOT_2', null, 0xD4845DC2495243A7A093DA6F2D47E540),
        (16, '2025-09-06', 'SLOT_3', null, 0xD4845DC2495243A7A093DA6F2D47E540),
        (17, '2025-09-07', 'SLOT_4', null, 0xD4845DC2495243A7A093DA6F2D47E540),
        (18, '2025-09-08', 'SLOT_3', null, 0xD4845DC2495243A7A093DA6F2D47E540),
        (19, '2025-09-09', 'SLOT_2', null, 0xD4845DC2495243A7A093DA6F2D47E540),
        (20, '2025-09-09', 'SLOT_3', null, 0xD4845DC2495243A7A093DA6F2D47E540),
        (21, '2025-09-09', 'SLOT_4', null, 0xD4845DC2495243A7A093DA6F2D47E540),
        (22, '2025-09-09', 'SLOT_5', null, 0xD4845DC2495243A7A093DA6F2D47E540),
        (23, '2025-09-10', 'SLOT_1', null, 0xD4845DC2495243A7A093DA6F2D47E540),
        (24, '2025-09-10', 'SLOT_4', null, 0xD4845DC2495243A7A093DA6F2D47E540),
        (25, '2025-09-11', 'SLOT_2', null, 0xD4845DC2495243A7A093DA6F2D47E540),
        (26, '2025-09-11', 'SLOT_3', null, 0xD4845DC2495243A7A093DA6F2D47E540),
        (27, '2025-09-12', 'SLOT_1', null, 0xD4845DC2495243A7A093DA6F2D47E540),
        (28, '2025-09-12', 'SLOT_2', null, 0xD4845DC2495243A7A093DA6F2D47E540),
        (29, '2025-09-12', 'SLOT_3', null, 0xD4845DC2495243A7A093DA6F2D47E540),
        (30, '2025-09-12', 'SLOT_4', null, 0xD4845DC2495243A7A093DA6F2D47E540),
        (31, '2025-09-12', 'SLOT_5', null, 0xD4845DC2495243A7A093DA6F2D47E540),
        (32, '2025-09-13', 'SLOT_2', null, 0xD4845DC2495243A7A093DA6F2D47E540),
        (33, '2025-09-13', 'SLOT_3', null, 0xD4845DC2495243A7A093DA6F2D47E540),
        (34, '2025-09-14', 'SLOT_4', null, 0xD4845DC2495243A7A093DA6F2D47E540),
        (35, '2025-09-15', 'SLOT_3', null, 0xD4845DC2495243A7A093DA6F2D47E540),
        (36, '2025-09-16', 'SLOT_2', null, 0xD4845DC2495243A7A093DA6F2D47E540),
        (37, '2025-09-16', 'SLOT_3', null, 0xD4845DC2495243A7A093DA6F2D47E540),
        (38, '2025-09-16', 'SLOT_4', null, 0xD4845DC2495243A7A093DA6F2D47E540),
        (39, '2025-09-16', 'SLOT_5', null, 0xD4845DC2495243A7A093DA6F2D47E540),
        (40, '2025-09-17', 'SLOT_1', null, 0xD4845DC2495243A7A093DA6F2D47E540),
        (41, '2025-09-17', 'SLOT_4', null, 0xD4845DC2495243A7A093DA6F2D47E540),
        (42, '2025-09-18', 'SLOT_2', null, 0xD4845DC2495243A7A093DA6F2D47E540),
        (43, '2025-09-18', 'SLOT_3', null, 0xD4845DC2495243A7A093DA6F2D47E540),
        (44, '2025-09-19', 'SLOT_1', null, 0xD4845DC2495243A7A093DA6F2D47E540),
        (45, '2025-09-19', 'SLOT_2', null, 0xD4845DC2495243A7A093DA6F2D47E540),
        (46, '2025-09-19', 'SLOT_3', null, 0xD4845DC2495243A7A093DA6F2D47E540),
        (47, '2025-09-19', 'SLOT_4', null, 0xD4845DC2495243A7A093DA6F2D47E540),
        (48, '2025-09-19', 'SLOT_5', null, 0xD4845DC2495243A7A093DA6F2D47E540),
        (49, '2025-09-20', 'SLOT_2', null, 0xD4845DC2495243A7A093DA6F2D47E540),
        (50, '2025-09-20', 'SLOT_3', null, 0xD4845DC2495243A7A093DA6F2D47E540),
        (51, '2025-09-21', 'SLOT_4', null, 0xD4845DC2495243A7A093DA6F2D47E540),
        (52, '2025-09-22', 'SLOT_3', null, 0xD4845DC2495243A7A093DA6F2D47E540),
        (53, '2025-09-23', 'SLOT_2', null, 0xD4845DC2495243A7A093DA6F2D47E540),
        (54, '2025-09-23', 'SLOT_3', null, 0xD4845DC2495243A7A093DA6F2D47E540),
        (55, '2025-09-23', 'SLOT_4', null, 0xD4845DC2495243A7A093DA6F2D47E540),
        (56, '2025-09-23', 'SLOT_5', null, 0xD4845DC2495243A7A093DA6F2D47E540),
        (57, '2025-09-24', 'SLOT_1', null, 0xD4845DC2495243A7A093DA6F2D47E540),
        (58, '2025-09-24', 'SLOT_4', null, 0xD4845DC2495243A7A093DA6F2D47E540),
        (59, '2025-09-25', 'SLOT_2', null, 0xD4845DC2495243A7A093DA6F2D47E540),
        (60, '2025-09-25', 'SLOT_3', null, 0xD4845DC2495243A7A093DA6F2D47E540),
        (61, '2025-09-26', 'SLOT_1', null, 0xD4845DC2495243A7A093DA6F2D47E540),
        (62, '2025-09-26', 'SLOT_2', null, 0xD4845DC2495243A7A093DA6F2D47E540),
        (63, '2025-09-26', 'SLOT_3', null, 0xD4845DC2495243A7A093DA6F2D47E540),
        (64, '2025-09-26', 'SLOT_4', null, 0xD4845DC2495243A7A093DA6F2D47E540),
        (65, '2025-09-26', 'SLOT_5', null, 0xD4845DC2495243A7A093DA6F2D47E540),
        (66, '2025-09-27', 'SLOT_2', null, 0xD4845DC2495243A7A093DA6F2D47E540),
        (67, '2025-09-27', 'SLOT_3', null, 0xD4845DC2495243A7A093DA6F2D47E540),
        (68, '2025-09-28', 'SLOT_4', null, 0xD4845DC2495243A7A093DA6F2D47E540),
        (69, '2025-09-29', 'SLOT_3', null, 0xD4845DC2495243A7A093DA6F2D47E540),
        (70, '2025-08-01', 'SLOT_2', 0x9A515C5F51604DB99D85143BBEC53B45, 0x0764CB42DE04459E920FE3B7B085A339),
        (71, '2025-08-02', 'SLOT_2', 0x9A515C5F51604DB99D85143BBEC53B45, 0x0764CB42DE04459E920FE3B7B085A339),
        (72, '2025-08-02', 'SLOT_3', 0x9A515C5F51604DB99D85143BBEC53B45, 0x0764CB42DE04459E920FE3B7B085A339),
        (73, '2025-08-02', 'SLOT_4', 0x9A515C5F51604DB99D85143BBEC53B45, 0x0764CB42DE04459E920FE3B7B085A339),
        (74, '2025-08-03', 'SLOT_1', null, 0x0764CB42DE04459E920FE3B7B085A339),
        (75, '2025-08-04', 'SLOT_1', null, 0x0764CB42DE04459E920FE3B7B085A339),
        (76, '2025-08-04', 'SLOT_2', null, 0x0764CB42DE04459E920FE3B7B085A339),
        (77, '2025-08-05', 'SLOT_3', null, 0x0764CB42DE04459E920FE3B7B085A339),
        (78, '2025-08-06', 'SLOT_3', null, 0x0764CB42DE04459E920FE3B7B085A339),
        (79, '2025-08-08', 'SLOT_2', null, 0x0764CB42DE04459E920FE3B7B085A339),
        (80, '2025-08-09', 'SLOT_2', null, 0x0764CB42DE04459E920FE3B7B085A339),
        (81, '2025-08-09', 'SLOT_3', null, 0x0764CB42DE04459E920FE3B7B085A339),
        (82, '2025-08-09', 'SLOT_4', null, 0x0764CB42DE04459E920FE3B7B085A339),
        (83, '2025-08-10', 'SLOT_1', null, 0x0764CB42DE04459E920FE3B7B085A339),
        (84, '2025-08-11', 'SLOT_1', null, 0x0764CB42DE04459E920FE3B7B085A339),
        (85, '2025-08-11', 'SLOT_2', null, 0x0764CB42DE04459E920FE3B7B085A339),
        (86, '2025-08-12', 'SLOT_3', null, 0x0764CB42DE04459E920FE3B7B085A339),
        (87, '2025-08-13', 'SLOT_3', null, 0x0764CB42DE04459E920FE3B7B085A339),
        (88, '2025-08-15', 'SLOT_2', null, 0x0764CB42DE04459E920FE3B7B085A339),
        (89, '2025-08-16', 'SLOT_2', null, 0x0764CB42DE04459E920FE3B7B085A339),
        (90, '2025-08-16', 'SLOT_3', null, 0x0764CB42DE04459E920FE3B7B085A339),
        (91, '2025-08-16', 'SLOT_4', null, 0x0764CB42DE04459E920FE3B7B085A339),
        (92, '2025-08-17', 'SLOT_1', null, 0x0764CB42DE04459E920FE3B7B085A339),
        (93, '2025-08-18', 'SLOT_1', null, 0x0764CB42DE04459E920FE3B7B085A339),
        (94, '2025-08-18', 'SLOT_2', null, 0x0764CB42DE04459E920FE3B7B085A339),
        (95, '2025-08-19', 'SLOT_3', null, 0x0764CB42DE04459E920FE3B7B085A339),
        (96, '2025-08-20', 'SLOT_3', null, 0x0764CB42DE04459E920FE3B7B085A339),
        (97, '2025-08-22', 'SLOT_2', null, 0x0764CB42DE04459E920FE3B7B085A339),
        (98, '2025-08-23', 'SLOT_2', null, 0x0764CB42DE04459E920FE3B7B085A339),
        (99, '2025-08-23', 'SLOT_3', null, 0x0764CB42DE04459E920FE3B7B085A339),
        (100, '2025-08-23', 'SLOT_4', null, 0x0764CB42DE04459E920FE3B7B085A339),
        (101, '2025-08-24', 'SLOT_1', null, 0x0764CB42DE04459E920FE3B7B085A339),
        (102, '2025-08-25', 'SLOT_1', null, 0x0764CB42DE04459E920FE3B7B085A339),
        (103, '2025-08-25', 'SLOT_2', null, 0x0764CB42DE04459E920FE3B7B085A339),
        (104, '2025-08-26', 'SLOT_3', null, 0x0764CB42DE04459E920FE3B7B085A339),
        (105, '2025-08-27', 'SLOT_3', null, 0x0764CB42DE04459E920FE3B7B085A339),
        (106, '2025-08-29', 'SLOT_2', null, 0x0764CB42DE04459E920FE3B7B085A339),
        (107, '2025-08-30', 'SLOT_2', null, 0x0764CB42DE04459E920FE3B7B085A339),
        (108, '2025-08-30', 'SLOT_3', null, 0x0764CB42DE04459E920FE3B7B085A339),
        (109, '2025-08-30', 'SLOT_4', null, 0x0764CB42DE04459E920FE3B7B085A339),
        (110, '2025-08-01', 'SLOT_1', null, 0x561AA1CE70E44DC29490B30584803514),
        (111, '2025-08-04', 'SLOT_1', 0x9A515C5F51604DB99D85143BBEC53B45, 0x561AA1CE70E44DC29490B30584803514),
        (112, '2025-08-05', 'SLOT_2', 0x9A515C5F51604DB99D85143BBEC53B45, 0x561AA1CE70E44DC29490B30584803514),
        (113, '2025-08-06', 'SLOT_3', null, 0x561AA1CE70E44DC29490B30584803514),
        (114, '2025-08-06', 'SLOT_4', null, 0x561AA1CE70E44DC29490B30584803514),
        (115, '2025-08-07', 'SLOT_2', 0x9A515C5F51604DB99D85143BBEC53B45, 0x561AA1CE70E44DC29490B30584803514),
        (116, '2025-08-08', 'SLOT_1', 0x9A515C5F51604DB99D85143BBEC53B45, 0x561AA1CE70E44DC29490B30584803514),
        (117, '2025-08-11', 'SLOT_1', null, 0x561AA1CE70E44DC29490B30584803514),
        (118, '2025-08-12', 'SLOT_2', null, 0x561AA1CE70E44DC29490B30584803514),
        (119, '2025-08-13', 'SLOT_3', null, 0x561AA1CE70E44DC29490B30584803514),
        (120, '2025-08-13', 'SLOT_4', null, 0x561AA1CE70E44DC29490B30584803514),
        (121, '2025-08-14', 'SLOT_2', null, 0x561AA1CE70E44DC29490B30584803514),
        (122, '2025-08-15', 'SLOT_1', null, 0x561AA1CE70E44DC29490B30584803514),
        (123, '2025-08-18', 'SLOT_1', null, 0x561AA1CE70E44DC29490B30584803514),
        (124, '2025-08-19', 'SLOT_2', null, 0x561AA1CE70E44DC29490B30584803514),
        (125, '2025-08-20', 'SLOT_3', null, 0x561AA1CE70E44DC29490B30584803514),
        (126, '2025-08-20', 'SLOT_4', null, 0x561AA1CE70E44DC29490B30584803514),
        (127, '2025-08-21', 'SLOT_2', null, 0x561AA1CE70E44DC29490B30584803514),
        (128, '2025-08-22', 'SLOT_1', null, 0x561AA1CE70E44DC29490B30584803514),
        (129, '2025-08-25', 'SLOT_1', null, 0x561AA1CE70E44DC29490B30584803514),
        (130, '2025-08-26', 'SLOT_2', null, 0x561AA1CE70E44DC29490B30584803514),
        (131, '2025-08-27', 'SLOT_3', null, 0x561AA1CE70E44DC29490B30584803514),
        (132, '2025-08-27', 'SLOT_4', null, 0x561AA1CE70E44DC29490B30584803514),
        (133, '2025-08-28', 'SLOT_2', null, 0x561AA1CE70E44DC29490B30584803514),
        (134, '2025-08-29', 'SLOT_1', null, 0x561AA1CE70E44DC29490B30584803514),
        (135, '2025-08-01', 'SLOT_2', 0x9B61C9A42FA3437D8979B98266ED63A3, 0x5C16354F84A245F1A160DECC6231A880),
        (136, '2025-08-01', 'SLOT_3', 0x9B61C9A42FA3437D8979B98266ED63A3, 0x5C16354F84A245F1A160DECC6231A880),
        (137, '2025-08-01', 'SLOT_4', 0x9B61C9A42FA3437D8979B98266ED63A3, 0x5C16354F84A245F1A160DECC6231A880),
        (138, '2025-08-02', 'SLOT_1', 0x9B61C9A42FA3437D8979B98266ED63A3, 0x5C16354F84A245F1A160DECC6231A880),
        (139, '2025-08-02', 'SLOT_3', 0x9B61C9A42FA3437D8979B98266ED63A3, 0x5C16354F84A245F1A160DECC6231A880),
        (140, '2025-08-03', 'SLOT_2', 0x9B61C9A42FA3437D8979B98266ED63A3, 0x5C16354F84A245F1A160DECC6231A880),
        (141, '2025-08-03', 'SLOT_3', 0x9B61C9A42FA3437D8979B98266ED63A3, 0x5C16354F84A245F1A160DECC6231A880),
        (142, '2025-08-03', 'SLOT_4', 0x9B61C9A42FA3437D8979B98266ED63A3, 0x5C16354F84A245F1A160DECC6231A880),
        (143, '2025-08-04', 'SLOT_2', null, 0x5C16354F84A245F1A160DECC6231A880),
        (144, '2025-08-04', 'SLOT_3', null, 0x5C16354F84A245F1A160DECC6231A880),
        (145, '2025-08-05', 'SLOT_1', null, 0x5C16354F84A245F1A160DECC6231A880),
        (146, '2025-08-05', 'SLOT_4', null, 0x5C16354F84A245F1A160DECC6231A880),
        (147, '2025-08-06', 'SLOT_1', null, 0x5C16354F84A245F1A160DECC6231A880),
        (148, '2025-08-06', 'SLOT_4', null, 0x5C16354F84A245F1A160DECC6231A880),
        (149, '2025-08-08', 'SLOT_2', null, 0x5C16354F84A245F1A160DECC6231A880),
        (150, '2025-08-08', 'SLOT_3', null, 0x5C16354F84A245F1A160DECC6231A880),
        (151, '2025-08-08', 'SLOT_4', null, 0x5C16354F84A245F1A160DECC6231A880),
        (152, '2025-08-09', 'SLOT_1', null, 0x5C16354F84A245F1A160DECC6231A880),
        (153, '2025-08-09', 'SLOT_3', null, 0x5C16354F84A245F1A160DECC6231A880),
        (154, '2025-08-10', 'SLOT_2', null, 0x5C16354F84A245F1A160DECC6231A880),
        (155, '2025-08-10', 'SLOT_3', null, 0x5C16354F84A245F1A160DECC6231A880),
        (156, '2025-08-10', 'SLOT_4', null, 0x5C16354F84A245F1A160DECC6231A880),
        (157, '2025-08-11', 'SLOT_2', null, 0x5C16354F84A245F1A160DECC6231A880),
        (158, '2025-08-11', 'SLOT_3', null, 0x5C16354F84A245F1A160DECC6231A880),
        (159, '2025-08-12', 'SLOT_1', null, 0x5C16354F84A245F1A160DECC6231A880),
        (160, '2025-08-12', 'SLOT_4', null, 0x5C16354F84A245F1A160DECC6231A880),
        (161, '2025-08-13', 'SLOT_1', null, 0x5C16354F84A245F1A160DECC6231A880),
        (162, '2025-08-13', 'SLOT_4', null, 0x5C16354F84A245F1A160DECC6231A880),
        (163, '2025-08-15', 'SLOT_2', null, 0x5C16354F84A245F1A160DECC6231A880),
        (164, '2025-08-15', 'SLOT_3', null, 0x5C16354F84A245F1A160DECC6231A880),
        (165, '2025-08-15', 'SLOT_4', null, 0x5C16354F84A245F1A160DECC6231A880),
        (166, '2025-08-16', 'SLOT_1', null, 0x5C16354F84A245F1A160DECC6231A880),
        (167, '2025-08-16', 'SLOT_3', null, 0x5C16354F84A245F1A160DECC6231A880),
        (168, '2025-08-17', 'SLOT_2', null, 0x5C16354F84A245F1A160DECC6231A880),
        (169, '2025-08-17', 'SLOT_3', null, 0x5C16354F84A245F1A160DECC6231A880),
        (170, '2025-08-17', 'SLOT_4', null, 0x5C16354F84A245F1A160DECC6231A880),
        (171, '2025-08-18', 'SLOT_2', null, 0x5C16354F84A245F1A160DECC6231A880),
        (172, '2025-08-18', 'SLOT_3', null, 0x5C16354F84A245F1A160DECC6231A880),
        (173, '2025-08-19', 'SLOT_1', null, 0x5C16354F84A245F1A160DECC6231A880),
        (174, '2025-08-19', 'SLOT_4', null, 0x5C16354F84A245F1A160DECC6231A880),
        (175, '2025-08-20', 'SLOT_1', null, 0x5C16354F84A245F1A160DECC6231A880),
        (176, '2025-08-20', 'SLOT_4', null, 0x5C16354F84A245F1A160DECC6231A880),
        (177, '2025-08-22', 'SLOT_2', null, 0x5C16354F84A245F1A160DECC6231A880),
        (178, '2025-08-22', 'SLOT_3', null, 0x5C16354F84A245F1A160DECC6231A880),
        (179, '2025-08-22', 'SLOT_4', null, 0x5C16354F84A245F1A160DECC6231A880),
        (180, '2025-08-23', 'SLOT_1', null, 0x5C16354F84A245F1A160DECC6231A880),
        (181, '2025-08-23', 'SLOT_3', null, 0x5C16354F84A245F1A160DECC6231A880),
        (182, '2025-08-24', 'SLOT_2', null, 0x5C16354F84A245F1A160DECC6231A880),
        (183, '2025-08-24', 'SLOT_3', null, 0x5C16354F84A245F1A160DECC6231A880),
        (184, '2025-08-24', 'SLOT_4', null, 0x5C16354F84A245F1A160DECC6231A880),
        (185, '2025-08-25', 'SLOT_2', null, 0x5C16354F84A245F1A160DECC6231A880),
        (186, '2025-08-25', 'SLOT_3', null, 0x5C16354F84A245F1A160DECC6231A880),
        (187, '2025-08-26', 'SLOT_1', null, 0x5C16354F84A245F1A160DECC6231A880),
        (188, '2025-08-26', 'SLOT_4', null, 0x5C16354F84A245F1A160DECC6231A880),
        (189, '2025-08-27', 'SLOT_1', null, 0x5C16354F84A245F1A160DECC6231A880),
        (190, '2025-08-27', 'SLOT_4', null, 0x5C16354F84A245F1A160DECC6231A880),
        (191, '2025-08-29', 'SLOT_2', null, 0x5C16354F84A245F1A160DECC6231A880),
        (192, '2025-08-29', 'SLOT_3', null, 0x5C16354F84A245F1A160DECC6231A880),
        (193, '2025-08-29', 'SLOT_4', null, 0x5C16354F84A245F1A160DECC6231A880),
        (194, '2025-08-30', 'SLOT_1', null, 0x5C16354F84A245F1A160DECC6231A880),
        (195, '2025-08-30', 'SLOT_3', null, 0x5C16354F84A245F1A160DECC6231A880),
        (196, '2025-08-01', 'SLOT_2', null, 0xD4845DC2495243A7A093DA6F2D47E540),
        (197, '2025-08-01', 'SLOT_3', 0x9A515C5F51604DB99D85143BBEC53B45, 0xD4845DC2495243A7A093DA6F2D47E540),
        (198, '2025-08-02', 'SLOT_1', 0x9A515C5F51604DB99D85143BBEC53B45, 0xD4845DC2495243A7A093DA6F2D47E540),
        (199, '2025-08-02', 'SLOT_2', null, 0xD4845DC2495243A7A093DA6F2D47E540),
        (200, '2025-08-03', 'SLOT_2', 0x9A515C5F51604DB99D85143BBEC53B45, 0xD4845DC2495243A7A093DA6F2D47E540),
        (201, '2025-08-03', 'SLOT_3', 0x9A515C5F51604DB99D85143BBEC53B45, 0xD4845DC2495243A7A093DA6F2D47E540),
        (202, '2025-08-04', 'SLOT_1', null, 0xD4845DC2495243A7A093DA6F2D47E540),
        (203, '2025-08-04', 'SLOT_2', null, 0xD4845DC2495243A7A093DA6F2D47E540),
        (204, '2025-08-04', 'SLOT_3', null, 0xD4845DC2495243A7A093DA6F2D47E540),
        (205, '2025-08-05', 'SLOT_2', null, 0xD4845DC2495243A7A093DA6F2D47E540),
        (206, '2025-08-06', 'SLOT_1', null, 0xD4845DC2495243A7A093DA6F2D47E540),
        (207, '2025-08-06', 'SLOT_2', null, 0xD4845DC2495243A7A093DA6F2D47E540),
        (208, '2025-08-06', 'SLOT_3', null, 0xD4845DC2495243A7A093DA6F2D47E540),
        (209, '2025-08-08', 'SLOT_2', null, 0xD4845DC2495243A7A093DA6F2D47E540),
        (210, '2025-08-08', 'SLOT_3', null, 0xD4845DC2495243A7A093DA6F2D47E540),
        (211, '2025-08-09', 'SLOT_1', null, 0xD4845DC2495243A7A093DA6F2D47E540),
        (212, '2025-08-09', 'SLOT_2', null, 0xD4845DC2495243A7A093DA6F2D47E540),
        (213, '2025-08-10', 'SLOT_2', null, 0xD4845DC2495243A7A093DA6F2D47E540),
        (214, '2025-08-10', 'SLOT_3', null, 0xD4845DC2495243A7A093DA6F2D47E540),
        (215, '2025-08-11', 'SLOT_1', null, 0xD4845DC2495243A7A093DA6F2D47E540),
        (216, '2025-08-11', 'SLOT_2', null, 0xD4845DC2495243A7A093DA6F2D47E540),
        (217, '2025-08-11', 'SLOT_3', null, 0xD4845DC2495243A7A093DA6F2D47E540),
        (218, '2025-08-12', 'SLOT_2', null, 0xD4845DC2495243A7A093DA6F2D47E540),
        (219, '2025-08-13', 'SLOT_1', null, 0xD4845DC2495243A7A093DA6F2D47E540),
        (220, '2025-08-13', 'SLOT_2', null, 0xD4845DC2495243A7A093DA6F2D47E540),
        (221, '2025-08-13', 'SLOT_3', null, 0xD4845DC2495243A7A093DA6F2D47E540),
        (222, '2025-08-15', 'SLOT_2', null, 0xD4845DC2495243A7A093DA6F2D47E540),
        (223, '2025-08-15', 'SLOT_3', null, 0xD4845DC2495243A7A093DA6F2D47E540),
        (224, '2025-08-16', 'SLOT_1', null, 0xD4845DC2495243A7A093DA6F2D47E540),
        (225, '2025-08-16', 'SLOT_2', null, 0xD4845DC2495243A7A093DA6F2D47E540),
        (226, '2025-08-17', 'SLOT_2', null, 0xD4845DC2495243A7A093DA6F2D47E540),
        (227, '2025-08-17', 'SLOT_3', null, 0xD4845DC2495243A7A093DA6F2D47E540),
        (228, '2025-08-18', 'SLOT_1', null, 0xD4845DC2495243A7A093DA6F2D47E540),
        (229, '2025-08-18', 'SLOT_2', null, 0xD4845DC2495243A7A093DA6F2D47E540),
        (230, '2025-08-18', 'SLOT_3', null, 0xD4845DC2495243A7A093DA6F2D47E540),
        (231, '2025-08-19', 'SLOT_2', null, 0xD4845DC2495243A7A093DA6F2D47E540),
        (232, '2025-08-20', 'SLOT_1', null, 0xD4845DC2495243A7A093DA6F2D47E540),
        (233, '2025-08-20', 'SLOT_2', null, 0xD4845DC2495243A7A093DA6F2D47E540),
        (234, '2025-08-20', 'SLOT_3', null, 0xD4845DC2495243A7A093DA6F2D47E540),
        (235, '2025-08-22', 'SLOT_2', null, 0xD4845DC2495243A7A093DA6F2D47E540),
        (236, '2025-08-22', 'SLOT_3', null, 0xD4845DC2495243A7A093DA6F2D47E540),
        (237, '2025-08-23', 'SLOT_1', null, 0xD4845DC2495243A7A093DA6F2D47E540),
        (238, '2025-08-23', 'SLOT_2', null, 0xD4845DC2495243A7A093DA6F2D47E540),
        (239, '2025-08-24', 'SLOT_2', null, 0xD4845DC2495243A7A093DA6F2D47E540),
        (240, '2025-08-24', 'SLOT_3', null, 0xD4845DC2495243A7A093DA6F2D47E540),
        (241, '2025-08-25', 'SLOT_1', null, 0xD4845DC2495243A7A093DA6F2D47E540),
        (242, '2025-08-25', 'SLOT_2', null, 0xD4845DC2495243A7A093DA6F2D47E540),
        (243, '2025-08-25', 'SLOT_3', null, 0xD4845DC2495243A7A093DA6F2D47E540),
        (244, '2025-08-26', 'SLOT_2', null, 0xD4845DC2495243A7A093DA6F2D47E540),
        (245, '2025-08-27', 'SLOT_1', null, 0xD4845DC2495243A7A093DA6F2D47E540),
        (246, '2025-08-27', 'SLOT_2', null, 0xD4845DC2495243A7A093DA6F2D47E540),
        (247, '2025-08-27', 'SLOT_3', null, 0xD4845DC2495243A7A093DA6F2D47E540),
        (248, '2025-08-29', 'SLOT_2', null, 0xD4845DC2495243A7A093DA6F2D47E540),
        (249, '2025-08-29', 'SLOT_3', null, 0xD4845DC2495243A7A093DA6F2D47E540),
        (250, '2025-08-30', 'SLOT_1', null, 0xD4845DC2495243A7A093DA6F2D47E540),
        (251, '2025-08-30', 'SLOT_2', null, 0xD4845DC2495243A7A093DA6F2D47E540),
        (252, '2025-08-01', 'SLOT_2', null, 0xF9FA00D0678F4CD885B4B5C5F47746AE),
        (253, '2025-08-01', 'SLOT_3', null, 0xF9FA00D0678F4CD885B4B5C5F47746AE),
        (254, '2025-08-01', 'SLOT_5', null, 0xF9FA00D0678F4CD885B4B5C5F47746AE),
        (255, '2025-08-02', 'SLOT_4', null, 0xF9FA00D0678F4CD885B4B5C5F47746AE),
        (256, '2025-08-05', 'SLOT_4', null, 0xF9FA00D0678F4CD885B4B5C5F47746AE),
        (257, '2025-08-06', 'SLOT_2', null, 0xF9FA00D0678F4CD885B4B5C5F47746AE),
        (258, '2025-08-06', 'SLOT_3', null, 0xF9FA00D0678F4CD885B4B5C5F47746AE),
        (259, '2025-08-06', 'SLOT_5', null, 0xF9FA00D0678F4CD885B4B5C5F47746AE),
        (260, '2025-08-07', 'SLOT_5', null, 0xF9FA00D0678F4CD885B4B5C5F47746AE),
        (261, '2025-08-08', 'SLOT_2', null, 0xF9FA00D0678F4CD885B4B5C5F47746AE),
        (262, '2025-08-08', 'SLOT_3', null, 0xF9FA00D0678F4CD885B4B5C5F47746AE),
        (263, '2025-08-08', 'SLOT_5', null, 0xF9FA00D0678F4CD885B4B5C5F47746AE),
        (264, '2025-08-09', 'SLOT_4', null, 0xF9FA00D0678F4CD885B4B5C5F47746AE),
        (265, '2025-08-12', 'SLOT_4', null, 0xF9FA00D0678F4CD885B4B5C5F47746AE),
        (266, '2025-08-13', 'SLOT_2', null, 0xF9FA00D0678F4CD885B4B5C5F47746AE),
        (267, '2025-08-13', 'SLOT_3', null, 0xF9FA00D0678F4CD885B4B5C5F47746AE),
        (268, '2025-08-13', 'SLOT_5', null, 0xF9FA00D0678F4CD885B4B5C5F47746AE),
        (269, '2025-08-14', 'SLOT_5', null, 0xF9FA00D0678F4CD885B4B5C5F47746AE),
        (270, '2025-08-15', 'SLOT_2', null, 0xF9FA00D0678F4CD885B4B5C5F47746AE),
        (271, '2025-08-15', 'SLOT_3', null, 0xF9FA00D0678F4CD885B4B5C5F47746AE),
        (272, '2025-08-15', 'SLOT_5', null, 0xF9FA00D0678F4CD885B4B5C5F47746AE),
        (273, '2025-08-16', 'SLOT_4', null, 0xF9FA00D0678F4CD885B4B5C5F47746AE),
        (274, '2025-08-19', 'SLOT_4', null, 0xF9FA00D0678F4CD885B4B5C5F47746AE),
        (275, '2025-08-20', 'SLOT_2', null, 0xF9FA00D0678F4CD885B4B5C5F47746AE),
        (276, '2025-08-20', 'SLOT_3', null, 0xF9FA00D0678F4CD885B4B5C5F47746AE),
        (277, '2025-08-20', 'SLOT_5', null, 0xF9FA00D0678F4CD885B4B5C5F47746AE),
        (278, '2025-08-21', 'SLOT_5', null, 0xF9FA00D0678F4CD885B4B5C5F47746AE),
        (279, '2025-08-22', 'SLOT_2', null, 0xF9FA00D0678F4CD885B4B5C5F47746AE),
        (280, '2025-08-22', 'SLOT_3', null, 0xF9FA00D0678F4CD885B4B5C5F47746AE),
        (281, '2025-08-22', 'SLOT_5', null, 0xF9FA00D0678F4CD885B4B5C5F47746AE),
        (282, '2025-08-23', 'SLOT_4', null, 0xF9FA00D0678F4CD885B4B5C5F47746AE),
        (283, '2025-08-26', 'SLOT_4', null, 0xF9FA00D0678F4CD885B4B5C5F47746AE),
        (284, '2025-08-27', 'SLOT_2', null, 0xF9FA00D0678F4CD885B4B5C5F47746AE),
        (285, '2025-08-27', 'SLOT_3', null, 0xF9FA00D0678F4CD885B4B5C5F47746AE),
        (286, '2025-08-27', 'SLOT_5', null, 0xF9FA00D0678F4CD885B4B5C5F47746AE),
        (287, '2025-08-28', 'SLOT_5', null, 0xF9FA00D0678F4CD885B4B5C5F47746AE),
        (288, '2025-08-29', 'SLOT_2', null, 0xF9FA00D0678F4CD885B4B5C5F47746AE),
        (289, '2025-08-29', 'SLOT_3', null, 0xF9FA00D0678F4CD885B4B5C5F47746AE),
        (290, '2025-08-29', 'SLOT_5', null, 0xF9FA00D0678F4CD885B4B5C5F47746AE),
        (291, '2025-08-30', 'SLOT_4', null, 0xF9FA00D0678F4CD885B4B5C5F47746AE),
        (292, '2025-07-20', 'SLOT_1', 0x9A515C5F51604DB99D85143BBEC53B45, 0x0764CB42DE04459E920FE3B7B085A339),
        (293, '2025-07-21', 'SLOT_1', 0x9A515C5F51604DB99D85143BBEC53B45, 0x0764CB42DE04459E920FE3B7B085A339),
        (294, '2025-07-22', 'SLOT_2', 0x9A515C5F51604DB99D85143BBEC53B45, 0x0764CB42DE04459E920FE3B7B085A339),
        (295, '2025-07-23', 'SLOT_3', 0x9A515C5F51604DB99D85143BBEC53B45, 0x0764CB42DE04459E920FE3B7B085A339),
        (296, '2025-07-24', 'SLOT_1', 0x9A515C5F51604DB99D85143BBEC53B45, 0x0764CB42DE04459E920FE3B7B085A339),
        (297, '2025-07-24', 'SLOT_4', 0x9A515C5F51604DB99D85143BBEC53B45, 0x0764CB42DE04459E920FE3B7B085A339),
        (298, '2025-07-25', 'SLOT_3', 0x9A515C5F51604DB99D85143BBEC53B45, 0x0764CB42DE04459E920FE3B7B085A339),
        (299, '2025-07-26', 'SLOT_2', 0x9A515C5F51604DB99D85143BBEC53B45, 0x0764CB42DE04459E920FE3B7B085A339),
        (300, '2025-07-27', 'SLOT_1', 0x9A515C5F51604DB99D85143BBEC53B45, 0x0764CB42DE04459E920FE3B7B085A339),
        (301, '2025-07-28', 'SLOT_1', 0x32165E8911E94733A62ED5C2688D63B1, 0x0764CB42DE04459E920FE3B7B085A339),
        (302, '2025-07-29', 'SLOT_2', 0x32165E8911E94733A62ED5C2688D63B1, 0x0764CB42DE04459E920FE3B7B085A339),
        (303, '2025-07-30', 'SLOT_3', 0x32165E8911E94733A62ED5C2688D63B1, 0x0764CB42DE04459E920FE3B7B085A339),
        (304, '2025-08-01', 'SLOT_2', null, 0xCF3A549C5E05418C8A14D397417A92A6),
        (305, '2025-08-06', 'SLOT_2', 0x32165E8911E94733A62ED5C2688D63B1, 0xCF3A549C5E05418C8A14D397417A92A6),
        (306, '2025-08-07', 'SLOT_2', null, 0xCF3A549C5E05418C8A14D397417A92A6),
        (307, '2025-08-07', 'SLOT_3', 0x9A515C5F51604DB99D85143BBEC53B45, 0xCF3A549C5E05418C8A14D397417A92A6),
        (308, '2025-08-08', 'SLOT_2', 0x9A515C5F51604DB99D85143BBEC53B45, 0xCF3A549C5E05418C8A14D397417A92A6),
        (309, '2025-08-13', 'SLOT_2', null, 0xCF3A549C5E05418C8A14D397417A92A6),
        (310, '2025-08-14', 'SLOT_2', null, 0xCF3A549C5E05418C8A14D397417A92A6),
        (311, '2025-08-14', 'SLOT_3', null, 0xCF3A549C5E05418C8A14D397417A92A6),
        (312, '2025-08-15', 'SLOT_2', null, 0xCF3A549C5E05418C8A14D397417A92A6),
        (313, '2025-08-20', 'SLOT_2', null, 0xCF3A549C5E05418C8A14D397417A92A6),
        (314, '2025-08-21', 'SLOT_2', null, 0xCF3A549C5E05418C8A14D397417A92A6),
        (315, '2025-08-21', 'SLOT_3', null, 0xCF3A549C5E05418C8A14D397417A92A6),
        (316, '2025-08-22', 'SLOT_2', null, 0xCF3A549C5E05418C8A14D397417A92A6),
        (317, '2025-08-27', 'SLOT_2', null, 0xCF3A549C5E05418C8A14D397417A92A6),
        (318, '2025-08-28', 'SLOT_2', null, 0xCF3A549C5E05418C8A14D397417A92A6),
        (319, '2025-08-28', 'SLOT_3', null, 0xCF3A549C5E05418C8A14D397417A92A6),
        (320, '2025-08-29', 'SLOT_2', null, 0xCF3A549C5E05418C8A14D397417A92A6),
        (321, '2025-07-21', 'SLOT_1', 0x32165E8911E94733A62ED5C2688D63B1, 0xCF3A549C5E05418C8A14D397417A92A6),
        (322, '2025-07-21', 'SLOT_2', 0x32165E8911E94733A62ED5C2688D63B1, 0xCF3A549C5E05418C8A14D397417A92A6),
        (323, '2025-07-28', 'SLOT_1', null, 0xCF3A549C5E05418C8A14D397417A92A6),
        (324, '2025-07-28', 'SLOT_2', null, 0xCF3A549C5E05418C8A14D397417A92A6);

insert into edutrack.transactions (id, amount, balance, created_date, info, status, updated_date, course_mentor_id, wallet_id)
values  (0x092B340B23DF4B288161900B05CCA878, -50000, 0, '2025-07-21 16:32:28.351000', 'Checkout for Course Machine Learning Basics by Qing Tian', 'PENDING', '2025-07-21 16:32:28.351000', null, 0x32165E8911E94733A62ED5C2688D63B1),
        (0x0EB2D420292D46FA8591928CF3E3EE53, -450000, 1150000, '2025-07-20 16:25:53.180000', 'Checkout for Course Data Structures and Algorithms by Qing Tian', 'COMPLETED', '2025-07-20 16:25:53.180000', null, 0x9A515C5F51604DB99D85143BBEC53B45),
        (0x0F8BE8BF517E46A0BA5A42F8BDB38C2F, -200000, 1800000, '2025-07-20 15:27:45.404000', 'Checkout for Course Data Structures and Algorithms by Qing Tian', 'COMPLETED', '2025-07-20 15:27:45.404000', null, 0x9A515C5F51604DB99D85143BBEC53B45),
        (0x206B6873BE0A4B79B9C883285AE56E71, -50000, 450000, '2025-07-23 17:31:29.772000', 'Checkout for Course Machine Learning Basics by Qing Tian', 'PENDING', '2025-07-23 17:31:29.772000', null, 0x9A515C5F51604DB99D85143BBEC53B45),
        (0x39B80AB6506D4C99BB44EFFE02BE2673, -50000, 800000, '2025-07-23 17:11:54.119000', 'Checkout for Course Machine Learning Basics by Qing Tian', 'PENDING', '2025-07-23 17:11:54.119000', null, 0x9A515C5F51604DB99D85143BBEC53B45),
        (0x5A4F609F1BB3472A8AF4C7A8E53A3232, -200000, 1800000, '2025-07-24 00:55:43.885000', 'Checkout for Course Database Systems by EduTrack Sensei', 'FAILED', '2025-07-24 00:55:43.885000', null, 0x9A515C5F51604DB99D85143BBEC53B45),
        (0x5CC494892B2249F29B8A8D4940EFA2D5, -50000, 550000, '2025-07-23 17:29:40.448000', 'Checkout for Course Machine Learning Basics by Qing Tian', 'PENDING', '2025-07-23 17:29:40.448000', null, 0x9A515C5F51604DB99D85143BBEC53B45),
        (0x620132D856A149EB867EC2E2CE71146A, -400000, 100000, '2025-07-20 16:02:53.578000', 'Checkout for Course Cybersecurity Essentials by Carl Johnson', 'PENDING', '2025-07-20 16:02:53.578000', null, 0x9B61C9A42FA3437D8979B98266ED63A3),
        (0x6B3B639EDE084040A155102188BCAB04, -200000, 950000, '2025-07-23 00:21:44.518000', 'Checkout for Course Database Systems by EduTrack Sensei', 'PENDING', '2025-07-23 00:21:44.518000', null, 0x9A515C5F51604DB99D85143BBEC53B45),
        (0x6FAFE2EBFBE149CAA0B74989F2CD6D01, -50000, 400000, '2025-07-23 17:32:16.511000', 'Checkout for Course Machine Learning Basics by Qing Tian', 'PENDING', '2025-07-23 17:32:16.511000', null, 0x9A515C5F51604DB99D85143BBEC53B45),
        (0x76BFCA38E3B24FA2BE4BEFE8C78F0035, -200000, 0, '2025-07-20 17:56:25.629000', 'Checkout for Course Cloud Computing with AWS by Alice Johnson', 'FAILED', '2025-07-20 17:56:25.629000', null, 0x32165E8911E94733A62ED5C2688D63B1),
        (0x7953C02EC066432994C7D37D288DD399, -50000, 650000, '2025-07-23 17:27:38.019000', 'Checkout for Course Machine Learning Basics by Qing Tian', 'PENDING', '2025-07-23 17:27:38.019000', null, 0x9A515C5F51604DB99D85143BBEC53B45),
        (0x7D76F6474F7A425880B1980F64509448, -100000, 200000, '2025-07-20 17:24:54.503000', 'Checkout for Course Linux Fundamentals by Tommy Vercetti', 'PENDING', '2025-07-20 17:24:54.503000', null, 0x32165E8911E94733A62ED5C2688D63B1),
        (0x8E06898181C24AF6B3008BA58923D199, 200000, 200000, '2025-07-20 16:43:45.467000', 'Registration for Course Data Structures and Algorithms by Qing Tian', 'COMPLETED', '2025-07-20 16:43:45.467000', null, 0x0764CB42DE04459E920FE3B7B085A339),
        (0x8F15D9246AA24F3A85EEFEECCC808DD4, -50000, 700000, '2025-07-23 17:20:30.644000', 'Checkout for Course Machine Learning Basics by Qing Tian', 'PENDING', '2025-07-23 17:20:30.644000', null, 0x9A515C5F51604DB99D85143BBEC53B45),
        (0x96FF4150AE974512BE8D1FBA0BF93293, 450000, 650000, '2025-07-20 16:45:42.514000', 'Registration for Course Data Structures and Algorithms by Qing Tian', 'COMPLETED', '2025-07-20 16:45:42.514000', null, 0x0764CB42DE04459E920FE3B7B085A339),
        (0xAEF5903A2C644AE4981931B491A4B1D3, -150000, 50000, '2025-07-21 02:10:38.745000', 'Checkout for Course Machine Learning Basics by Qing Tian', 'PENDING', '2025-07-21 02:10:38.745000', null, 0x32165E8911E94733A62ED5C2688D63B1),
        (0xAEFECB52EB2F4112976CF65622E6D9C1, -50000, 500000, '2025-07-23 17:30:36.375000', 'Checkout for Course Machine Learning Basics by Qing Tian', 'PENDING', '2025-07-23 17:30:36.375000', null, 0x9A515C5F51604DB99D85143BBEC53B45),
        (0xBD5B579615064BD1A3AA01E8B482D1B6, -200000, 300000, '2025-07-20 17:24:34.451000', 'Checkout for Course Linux Fundamentals by Tommy Vercetti', 'PENDING', '2025-07-20 17:24:34.451000', null, 0x32165E8911E94733A62ED5C2688D63B1),
        (0xBDA851CF1FF142668DA8A54F9C292067, 200000, 200000, '2025-07-21 01:24:39.561000', 'Registration for Course Web Development with React by Erin Black', 'COMPLETED', '2025-07-21 01:24:39.561000', null, 0x561AA1CE70E44DC29490B30584803514),
        (0xD6EFBF3C86E94891A4237417CC82C54C, -200000, 1600000, '2025-07-20 15:47:18.760000', 'Checkout for Course Web Development with React by Erin Black', 'COMPLETED', '2025-07-20 15:47:18.760000', null, 0x9A515C5F51604DB99D85143BBEC53B45),
        (0xE5A6EE618B534A4D992EF84D9FCCD2D2, -50000, 900000, '2025-07-23 15:41:47.161000', 'Checkout for Course Machine Learning Basics by Qing Tian', 'PENDING', '2025-07-23 15:41:47.161000', null, 0x9A515C5F51604DB99D85143BBEC53B45),
        (0xE969EF97504D4B2BA802837318012487, -50000, 750000, '2025-07-23 17:19:36.932000', 'Checkout for Course Machine Learning Basics by Qing Tian', 'PENDING', '2025-07-23 17:19:36.932000', null, 0x9A515C5F51604DB99D85143BBEC53B45),
        (0xEF86FBB2AEE141E8970E7691527DB383, -50000, 600000, '2025-07-23 17:29:12.829000', 'Checkout for Course Machine Learning Basics by Qing Tian', 'PENDING', '2025-07-23 17:29:12.829000', null, 0x9A515C5F51604DB99D85143BBEC53B45),
        (0xFB77D17B8B224ECDBC9A9DB5F08B40BB, -200000, 1800000, '2025-07-24 02:56:45.140000', 'Checkout for Course Linux Fundamentals by Tommy Vercetti', 'PENDING', '2025-07-24 02:56:45.140000', null, 0x9A515C5F51604DB99D85143BBEC53B45),
        (0xFF910DBE72B542DC8E5F196BCFCBE20B, -50000, 850000, '2025-07-23 17:08:28.718000', 'Checkout for Course Machine Learning Basics by Qing Tian', 'PENDING', '2025-07-23 17:08:28.718000', null, 0x9A515C5F51604DB99D85143BBEC53B45);

insert into edutrack.vnpay_transactions (id, vnp_amount, balance, vnp_command, vnp_create_date, vnp_ip_addr, is_done, vnp_order_info, vnp_response_code, vnp_secure_hash, vnp_transaction_no, vnp_transaction_status, vnp_txn_ref, vnp_version, wallet_id)
values  (1, 200000000, 2000000, 'pay', '20250720143258', '127.0.0.1', true, 'Nap tien EduTrack tai khoan gakusei@edutrack.com. So tien 20000 VND', '00', null, '15086295', '00', '202507201432589Zq0Mc', '2.1.0', 0x9A515C5F51604DB99D85143BBEC53B45),
        (2, 50000000, 500000, 'pay', '20250720160154', '127.0.0.1', true, 'Nap tien EduTrack tai khoan harrywilson@email.com. So tien 5000 VND', '00', null, '15086457', '00', '20250720160154i2sgYG', '2.1.0', 0x9B61C9A42FA3437D8979B98266ED63A3),
        (3, 50000000, 500000, 'pay', '20250720170946', '127.0.0.1', true, 'Nap tien EduTrack tai khoan frankmiller@email.com. So tien 5000 VND', '00', null, '15086554', '00', '2025072017094624Bcub', '2.1.0', 0x32165E8911E94733A62ED5C2688D63B1),
        (4, 200000000, 2000000, 'pay', '20250724005450', '127.0.0.1', true, 'Nap tien EduTrack tai khoan gakusei@edutrack.com. So tien 20000 VND', '00', null, '15095153', '00', '20250724005450vqC3tR', '2.1.0', 0x9A515C5F51604DB99D85143BBEC53B45),
        (5, 200000000, 2160005, 'pay', '20250724080654', '127.0.0.1', true, 'Nap tien EduTrack tai khoan gakusei@edutrack.com. So tien 2000000 VND', '00', null, '15095416', '00', '20250724080654Q8L5W5', '2.1.0', 0x9A515C5F51604DB99D85143BBEC53B45);

insert into edutrack.vnpay_pay_transactions (vnp_bank_code, vnp_bank_tran_no, vnp_card_type, vnp_curr_code, vnp_expire_date, vnp_locale, vnp_order_type, vnp_pay_date, id)
values  ('NCB', 'VNP15086295', 'ATM', 'VND', '20250720144758', 'vn', 'other', '20250720143419', 1),
        ('NCB', 'VNP15086457', 'ATM', 'VND', '20250720161654', 'vn', 'other', '20250720160309', 2),
        ('NCB', 'VNP15086554', 'ATM', 'VND', '20250720172446', 'vn', 'other', '20250720171104', 3),
        ('NCB', 'VNP15095153', 'ATM', 'VND', '20250724010950', 'vn', 'other', '20250724005611', 4),
        ('NCB', 'VNP15095416', 'ATM', 'VND', '20250724082154', 'vn', 'other', '20250724080831', 5);

insert into edutrack.enrollments (id, created_date, schedule_summary, start_time, status, total_slots, course_mentor_id, mentee_id, transaction_id)
values  (1, '2025-07-20', '2025-08-01,slot_2; 2025-08-02,slot_3; 2025-08-02,slot_2; 2025-08-02,slot_4', '', 'APPROVED', 4, 0x3D68C5C79B3F491CBDB830572066FE07, 0x9A515C5F51604DB99D85143BBEC53B45, 0x0F8BE8BF517E46A0BA5A42F8BDB38C2F),
        (2, '2025-07-20', '2025-08-04,slot_1; 2025-08-05,slot_2; 2025-08-07,slot_2; 2025-08-08,slot_1', '', 'APPROVED', 4, 0x81478DA9A89C4A1685533EE274DC3740, 0x9A515C5F51604DB99D85143BBEC53B45, 0xD6EFBF3C86E94891A4237417CC82C54C),
        (3, '2025-07-20', '2025-08-02,slot_1; 2025-08-01,slot_2; 2025-08-01,slot_3; 2025-08-01,slot_4; 2025-08-02,slot_3; 2025-08-03,slot_3; 2025-08-03,slot_4; 2025-08-03,slot_2', '', 'APPROVED', 8, 0xC2FF80ADBA134D50BC1F58DBA3E41B8D, 0x9B61C9A42FA3437D8979B98266ED63A3, 0x620132D856A149EB867EC2E2CE71146A),
        (4, '2025-07-20', '2025-07-20,slot_1; 2025-07-21,slot_1; 2025-07-22,slot_2; 2025-07-23,slot_3; 2025-07-24,slot_4; 2025-07-24,slot_1; 2025-07-25,slot_3; 2025-07-26,slot_2; 2025-07-27,slot_1', '', 'APPROVED', 9, 0x3D68C5C79B3F491CBDB830572066FE07, 0x9A515C5F51604DB99D85143BBEC53B45, 0x0EB2D420292D46FA8591928CF3E3EE53),
        (5, '2025-07-20', '2025-07-21,slot_1; 2025-07-21,slot_2', '', 'APPROVED', 2, 0x53748A4227684101A7A6D38E4234DFA1, 0x32165E8911E94733A62ED5C2688D63B1, 0xBD5B579615064BD1A3AA01E8B482D1B6),
        (6, '2025-07-20', '2025-08-06,slot_2', '', 'APPROVED', 1, 0x53748A4227684101A7A6D38E4234DFA1, 0x32165E8911E94733A62ED5C2688D63B1, 0x7D76F6474F7A425880B1980F64509448),
        (7, '2025-07-20', '2025-08-01,slot_2; 2025-08-01,slot_3; 2025-08-02,slot_4; 2025-08-01,slot_5', '', 'CANCELLED', 4, 0xAA8239CF833346EE97BE0F8B3E68E90A, 0x32165E8911E94733A62ED5C2688D63B1, 0x76BFCA38E3B24FA2BE4BEFE8C78F0035),
        (8, '2025-07-21', '2025-07-28,slot_1; 2025-07-29,slot_2; 2025-07-30,slot_3', '', 'APPROVED', 3, 0x871C79AE6EB041AC88E721F5631EEC16, 0x32165E8911E94733A62ED5C2688D63B1, 0xAEF5903A2C644AE4981931B491A4B1D3),
        (9, '2025-07-21', '2025-08-03,slot_1', '', 'PENDING', 1, 0x871C79AE6EB041AC88E721F5631EEC16, 0x32165E8911E94733A62ED5C2688D63B1, 0x092B340B23DF4B288161900B05CCA878),
        (10, '2025-07-23', '2025-08-01,slot_3; 2025-08-02,slot_1; 2025-08-03,slot_2; 2025-08-03,slot_3', '', 'APPROVED', 4, 0x5309093982E340B09E38BEFF9B291385, 0x9A515C5F51604DB99D85143BBEC53B45, 0x6B3B639EDE084040A155102188BCAB04),
        (11, '2025-07-23', '2025-08-04,slot_2', '', 'PENDING', 1, 0x871C79AE6EB041AC88E721F5631EEC16, 0x9A515C5F51604DB99D85143BBEC53B45, 0xE5A6EE618B534A4D992EF84D9FCCD2D2),
        (12, '2025-07-23', '2025-08-05,slot_3', '', 'PENDING', 1, 0x871C79AE6EB041AC88E721F5631EEC16, 0x9A515C5F51604DB99D85143BBEC53B45, 0xFF910DBE72B542DC8E5F196BCFCBE20B),
        (13, '2025-07-23', '2025-08-05,slot_3', '', 'PENDING', 1, 0x871C79AE6EB041AC88E721F5631EEC16, 0x9A515C5F51604DB99D85143BBEC53B45, 0x39B80AB6506D4C99BB44EFFE02BE2673),
        (14, '2025-07-23', '2025-08-05,slot_3', '', 'PENDING', 1, 0x871C79AE6EB041AC88E721F5631EEC16, 0x9A515C5F51604DB99D85143BBEC53B45, 0xE969EF97504D4B2BA802837318012487),
        (15, '2025-07-23', '2025-08-05,slot_3', '', 'PENDING', 1, 0x871C79AE6EB041AC88E721F5631EEC16, 0x9A515C5F51604DB99D85143BBEC53B45, 0x8F15D9246AA24F3A85EEFEECCC808DD4),
        (16, '2025-07-23', '2025-08-05,slot_3', '', 'PENDING', 1, 0x871C79AE6EB041AC88E721F5631EEC16, 0x9A515C5F51604DB99D85143BBEC53B45, 0x7953C02EC066432994C7D37D288DD399),
        (17, '2025-07-23', '2025-08-05,slot_3', '', 'PENDING', 1, 0x871C79AE6EB041AC88E721F5631EEC16, 0x9A515C5F51604DB99D85143BBEC53B45, 0xEF86FBB2AEE141E8970E7691527DB383),
        (18, '2025-07-23', '2025-08-05,slot_3', '', 'PENDING', 1, 0x871C79AE6EB041AC88E721F5631EEC16, 0x9A515C5F51604DB99D85143BBEC53B45, 0x5CC494892B2249F29B8A8D4940EFA2D5),
        (19, '2025-07-23', '2025-08-05,slot_3', '', 'PENDING', 1, 0x871C79AE6EB041AC88E721F5631EEC16, 0x9A515C5F51604DB99D85143BBEC53B45, 0xAEFECB52EB2F4112976CF65622E6D9C1),
        (20, '2025-07-23', '2025-08-05,slot_3', '', 'PENDING', 1, 0x871C79AE6EB041AC88E721F5631EEC16, 0x9A515C5F51604DB99D85143BBEC53B45, 0x206B6873BE0A4B79B9C883285AE56E71),
        (21, '2025-07-23', '2025-08-05,slot_3', '', 'PENDING', 1, 0x871C79AE6EB041AC88E721F5631EEC16, 0x9A515C5F51604DB99D85143BBEC53B45, 0x6FAFE2EBFBE149CAA0B74989F2CD6D01),
        (22, '2025-07-24', '2025-08-04,slot_3; 2025-08-06,slot_3; 2025-08-06,slot_2; 2025-08-06,slot_1', '', 'REJECTED', 4, 0x5309093982E340B09E38BEFF9B291385, 0x9A515C5F51604DB99D85143BBEC53B45, 0x5A4F609F1BB3472A8AF4C7A8E53A3232),
        (23, '2025-07-24', '2025-08-07,slot_3; 2025-08-08,slot_2', '', 'APPROVED', 2, 0x53748A4227684101A7A6D38E4234DFA1, 0x9A515C5F51604DB99D85143BBEC53B45, 0xFB77D17B8B224ECDBC9A9DB5F08B40BB);

insert into edutrack.enrollment_schedule (id, attendance, available, date, description, is_test, report, requested_new_date, requested_new_slot, reschedule_reason, reschedule_request_date, reschedule_status, reschedule_status_update_date, score, slot, title_section, enrollment_id, review)
values  (1, 'PRESENT', true, '2025-08-01', '', false, false, null, null, null, null, 'NONE', null, null, 'SLOT_2', '', 1, null),
        (2, 'PRESENT', true, '2025-08-02', '', false, false, null, null, null, null, 'NONE', null, null, 'SLOT_3', '', 1, null),
        (3, 'PRESENT', true, '2025-08-02', '', false, false, null, null, null, null, 'NONE', null, null, 'SLOT_2', '', 1, null),
        (4, 'PRESENT', true, '2025-08-02', '', false, false, null, null, null, null, 'NONE', null, null, 'SLOT_4', '', 1, null),
        (5, 'PRESENT', true, '2025-08-04', '', false, false, null, null, null, null, 'NONE', null, null, 'SLOT_1', '', 2, null),
        (6, 'PRESENT', true, '2025-08-05', '', false, false, null, null, null, null, 'NONE', null, null, 'SLOT_2', '', 2, null),
        (7, 'PRESENT', true, '2025-08-07', '', false, false, null, null, null, null, 'NONE', null, null, 'SLOT_2', '', 2, null),
        (8, 'PRESENT', true, '2025-08-08', '', false, false, null, null, null, null, 'NONE', null, null, 'SLOT_1', '', 2, null),
        (9, 'NOT_YET', true, '2025-08-01', null, false, null, null, null, null, null, 'NONE', null, null, 'SLOT_2', null, 3, null),
        (10, 'NOT_YET', true, '2025-08-01', null, false, null, null, null, null, null, 'NONE', null, null, 'SLOT_3', null, 3, null),
        (11, 'NOT_YET', true, '2025-08-01', null, false, null, null, null, null, null, 'NONE', null, null, 'SLOT_4', null, 3, null),
        (12, 'NOT_YET', true, '2025-08-02', null, false, null, null, null, null, null, 'NONE', null, null, 'SLOT_1', null, 3, null),
        (13, 'NOT_YET', true, '2025-08-02', null, false, null, null, null, null, null, 'NONE', null, null, 'SLOT_3', null, 3, null),
        (14, 'NOT_YET', true, '2025-08-03', null, false, null, null, null, null, null, 'NONE', null, null, 'SLOT_3', null, 3, null),
        (15, 'NOT_YET', true, '2025-08-03', null, false, null, null, null, null, null, 'NONE', null, null, 'SLOT_4', null, 3, null),
        (16, 'NOT_YET', true, '2025-08-03', null, false, null, null, null, null, null, 'NONE', null, null, 'SLOT_2', null, 3, null),
        (17, 'PRESENT', true, '2025-07-20', '', false, false, null, null, null, null, 'NONE', null, null, 'SLOT_1', '', 4, null),
        (18, 'PRESENT', true, '2025-07-21', '', false, false, null, null, null, null, 'NONE', null, null, 'SLOT_1', '', 4, null),
        (19, 'PRESENT', true, '2025-07-22', '', false, false, null, null, null, null, 'NONE', null, null, 'SLOT_2', '', 4, null),
        (20, 'PRESENT', true, '2025-07-23', '', false, false, null, null, null, null, 'NONE', null, null, 'SLOT_3', '', 4, null),
        (21, 'PRESENT', true, '2025-07-24', '', false, false, null, null, null, null, 'NONE', null, null, 'SLOT_4', '', 4, null),
        (22, 'PRESENT', true, '2025-07-24', '', false, false, null, null, null, null, 'NONE', null, null, 'SLOT_1', '', 4, null),
        (23, 'PRESENT', true, '2025-07-25', '', false, false, null, null, null, null, 'NONE', null, null, 'SLOT_3', '', 4, null),
        (24, 'PRESENT', true, '2025-07-26', '', false, false, null, null, null, null, 'NONE', null, null, 'SLOT_2', '', 4, null),
        (25, 'PRESENT', true, '2025-07-27', '', false, false, null, null, null, null, 'NONE', null, null, 'SLOT_1', '', 4, null),
        (26, 'PRESENT', true, '2025-07-21', '', false, false, null, null, null, null, 'NONE', null, null, 'SLOT_1', '', 5, null),
        (27, 'PRESENT', true, '2025-07-21', '', false, false, null, null, null, null, 'NONE', null, null, 'SLOT_2', '', 5, null),
        (28, 'NOT_YET', true, '2025-08-06', null, false, null, null, null, null, null, 'NONE', null, null, 'SLOT_2', null, 6, null),
        (29, 'NOT_YET', true, '2025-07-28', null, false, null, null, null, null, null, 'NONE', null, null, 'SLOT_1', null, 8, null),
        (30, 'NOT_YET', true, '2025-07-29', null, false, null, null, null, null, null, 'NONE', null, null, 'SLOT_2', null, 8, null),
        (31, 'NOT_YET', true, '2025-07-30', null, false, null, null, null, null, null, 'NONE', null, null, 'SLOT_3', null, 8, null),
        (32, 'PRESENT', true, '2025-08-01', null, false, false, null, null, null, null, 'NONE', null, null, 'SLOT_3', null, 10, null),
        (33, 'PRESENT', true, '2025-08-02', null, false, false, null, null, null, null, 'NONE', null, null, 'SLOT_1', null, 10, null),
        (34, 'PRESENT', true, '2025-08-03', null, false, false, null, null, null, null, 'NONE', null, null, 'SLOT_2', null, 10, null),
        (35, 'PRESENT', true, '2025-08-03', null, false, false, null, null, null, null, 'NONE', null, null, 'SLOT_3', null, 10, null),
        (36, 'NOT_YET', true, '2025-08-07', null, false, null, null, null, null, null, 'NONE', null, null, 'SLOT_3', null, 23, null),
        (37, 'NOT_YET', true, '2025-08-08', null, false, null, null, null, null, null, 'NONE', null, null, 'SLOT_2', null, 23, null);

insert into edutrack.feedbacks (id, content, created_date, is_anonymous, rating, status, course_mentor_id, mentee_id)
values  (0x9BC7089348874C999883F8A171740836, 'Absolutely beautiful.', '2025-07-20 16:47:50.661177', false, 5.0, 'ACTIVE', 0x3D68C5C79B3F491CBDB830572066FE07, 0x9A515C5F51604DB99D85143BBEC53B45),
        (0xD0D996EE653D492EB90F1CE1DBE8AB0E, 'Covers relational database concepts, normalization, SQL queries, and JDBC integration with Java.', '2025-07-24 01:04:46.472911', false, 4.5, 'ACTIVE', 0x5309093982E340B09E38BEFF9B291385, 0x9A515C5F51604DB99D85143BBEC53B45);

insert into edutrack.landing_page_config (id, about_description, about_section_image_url, about_subtitle, about_title, category_button_text, category_section_bg_url, category_subtitle, category_title, copyright_text, course_section_bg_url, course_section_one_suggestion, course_section_two_suggestion, footer_description, herocta, heroctalink, hero_headline, hero_image_url, hero_sub_headline, mentor_section_bg_url, mentor_section_subtitle, mentor_section_title, mentor_suggestion, role, section_one_subtitle, section_one_title, section_two_subtitle, section_two_title, tag_suggestion, use_personalization, use_schedule_reminder)
values  (1, 'EduTrack is your personalized companion for tracking learning progress, setting educational goals, and staying motivated throughout your academic journey', '/assets/images/about-banner.png', 'About Edutrack', 'We Provide The Best Online Education', 'View All Categories', '/uploads/a8fb6ed4-a88d-4d60-8039-4a8ff0404260-login.jpg', 'Course Categories', 'Top Categories', '© Copyright 2025 | EduTrack Group | All Rights Reserved', '/assets/images/course-bg.png', 'POPULAR', 'LATEST', 'EduTrack helps you track and grow your learning journey — with mentors, clear goals, and transparent progress.', 'Explore Courses', '/courses', 'Better Learning Future Starts With EduTrack', '/assets/images/hero-bg.png', 'It is long established fact that reader distracted by the readable content.', '/uploads/6b1063b9-f7c8-460f-8e3f-3d3d2600d82d-welcome.jpg', 'Top Mentors for You', 'Recommended Mentors', 'POPULAR', 'GUEST', 'Popular Courses', 'Featured Courses', 'Top Courses', 'Top Rated Courses', 'POPULAR', true, false),
        (2, 'EduTrack is your personalized companion for tracking learning progress, setting educational goals, and staying motivated throughout your academic journey', '/assets/images/about-banner.png', 'About EduTrack', 'We Provide The Best Online Education', 'View All Categories', '/uploads/a8fb6ed4-a88d-4d60-8039-4a8ff0404260-login.jpg', 'Course Categories', 'Top Categories', '© Copyright 2025 | EduTrack Group | All Rights Reserved', '/assets/images/course-bg.png', 'POPULAR', 'LATEST', 'EduTrack helps you track and grow your learning journey — with mentors, clear goals, and transparent progress.', 'Explore Courses', '/courses', 'Better Learning Future Starts With EduTrack', '/assets/images/hero-bg.png', 'It is long established fact that reader distracted by the readable content.', '/uploads/6b1063b9-f7c8-460f-8e3f-3d3d2600d82d-welcome.jpg', 'Top Mentors for You', 'Recommended Mentors', 'POPULAR', 'MENTEE_NEW', 'Popular Courses', 'Featured Courses', 'Top Courses', 'Top Rated Courses', 'POPULAR', true, false),
        (3, 'EduTrack is your personalized companion for tracking learning progress, setting educational goals, and staying motivated throughout your academic journey', '/assets/images/about-banner.png', 'About EduTrack', 'We Provide The Best Online Education', 'View All Categories', '/uploads/a8fb6ed4-a88d-4d60-8039-4a8ff0404260-login.jpg', 'Course Categories', 'Top Categories', '© Copyright 2025 | EduTrack Group | All Rights Reserved', '/assets/images/course-bg.png', 'POPULAR', 'LATEST', 'EduTrack helps you track and grow your learning journey — with mentors, clear goals, and transparent progress.', 'View schedule →', '/schedules', 'Upcoming Sessions', '/assets/images/hero-bg.png', 'Next session: [auto-filled by system]', '/uploads/6b1063b9-f7c8-460f-8e3f-3d3d2600d82d-welcome.jpg', 'Top Mentors for You', 'Recommended Mentors', 'POPULAR', 'MENTEE_EXPERIENCED', 'Popular Courses', 'Featured Courses', 'Top Courses', 'Top Rated Courses', 'POPULAR', true, true);